Data Source;World Development Indicators;;;;;;;;;;;;;;;;;;;;;;;;;;;
;;;;;;;;;;;;;;;;;;;;;;;;;;;;
Last Updated Date;7.10.25;;;;;;;;;;;;;;;;;;;;;;;;;;;
;;;;;;;;;;;;;;;;;;;;;;;;;;;;
Country Name;Country Code;Indicator Name;Indicator Code;2000;2001;2002;2003;2004;2005;2006;2007;2008;2009;2010;2011;2012;2013;2014;2015;2016;2017;2018;2019;2020;2021;2022;2023;2024
Aruba;ABW;GDP (current US$);NY.GDP.MKTP.CD;1873452514;1896456983;1961843575;2044111732;2254830726;2360017318;2469782682;2677641341;2843024581;2553793296;2453597207;2637859218;2615208380;2727849721;2790849721;2962907263;2983635196;3092429050;3276184358;3395798883;2481857123;2929446578;3279343544;3648573136;
Africa Eastern and Southern;AFE;GDP (current US$);NY.GDP.MKTP.CD;2,87202E+11;2,60992E+11;2,67815E+11;3,55716E+11;4,42696E+11;5,16661E+11;5,80241E+11;6,65599E+11;7,13502E+11;7,15485E+11;8,4941E+11;9,45439E+11;9,52998E+11;9,62441E+11;9,78744E+11;8,98309E+11;8,28961E+11;9,73025E+11;1,01229E+12;1,00975E+12;9,33407E+11;1,0856E+12;1,19164E+12;1,13382E+12;1,20597E+12
Afghanistan;AFG;GDP (current US$);NY.GDP.MKTP.CD;3521418060;2813571754;3825701439;4520946819;5224896719;6203256539;6971758282;9747886187;10109297048;12416152732;15856668556;17805098206;19907329778;20146416758;20497128556;19134221645;18116572395;18753456498;18053222687;18799444490;19955929052;14259995441;14497243872;17152234637;
Africa Western and Central;AFW;GDP (current US$);NY.GDP.MKTP.CD;1,4214E+11;1,50058E+11;1,7939E+11;2,07755E+11;2,58567E+11;3,17096E+11;4,02724E+11;4,71538E+11;5,75059E+11;5,15474E+11;6,0628E+11;6,91187E+11;7,48127E+11;8,44203E+11;9,03934E+11;7,78022E+11;7,00028E+11;6,94051E+11;7,7784E+11;8,33289E+11;7,97295E+11;8,58115E+11;8,9364E+11;8,14729E+11;6,70026E+11
Angola;AGO;GDP (current US$);NY.GDP.MKTP.CD;9129594970;8936079118;15285592370;17812704586;23552057679;36970900884;52381025141;65266415494;88538665085;70307196182;83799474070;1,1179E+11;1,28053E+11;1,32339E+11;1,35967E+11;90496420507;52761617226;73690154991;79450688259;70897962732;48501561204;66505129988;1,044E+11;84875162197;80396942242
Albania;ALB;GDP (current US$);NY.GDP.MKTP.CD;3584570165;4059064033;4515003117;5801712040;7406645793;8256658250;9150528132;11116937870;13258506375;12335540656;12086545641;12973755875;12246499748;12796985886;13296322588;11470171827;11988668785;13258268436;15379508330;15585111614;15241455556;18032009220;19017244117;23547180412;27177735528
Andorra;AND;GDP (current US$);NY.GDP.MKTP.CD;1432606189;1548265808;1764279824;2366941809;2900245324;3161084091;3459337987;3957625367;4102319399;3688976341;3449925739;3629133574;3188652765;3193512950;3271685597;2789881259;2896610480;3000162081;3218419897;3155149348;2891001149;3324647529;3380612573;3785067332;4039844390
Arab World;ARB;GDP (current US$);NY.GDP.MKTP.CD;7,63412E+11;7,44729E+11;7,46649E+11;8,30076E+11;9,87316E+11;1,21008E+12;1,43947E+12;1,67464E+12;2,11807E+12;1,82985E+12;2,15535E+12;2,56502E+12;2,80538E+12;2,87428E+12;2,9262E+12;2,56863E+12;2,5241E+12;2,59848E+12;2,90733E+12;2,94936E+12;2,59642E+12;3,07791E+12;3,73858E+12;3,606E+12;3,70477E+12
United Arab Emirates;ARE;GDP (current US$);NY.GDP.MKTP.CD;1,04337E+11;1,03312E+11;1,09816E+11;1,24346E+11;1,47824E+11;1,80617E+11;2,22117E+11;2,57916E+11;3,15475E+11;2,53547E+11;3,00189E+11;3,60833E+11;3,8461E+11;4,00219E+11;4,14105E+11;3,70275E+11;3,69255E+11;3,90517E+11;4,27049E+11;4,1799E+11;3,49473E+11;4,15179E+11;5,02732E+11;5,1413E+11;5,37079E+11
Argentina;ARG;GDP (current US$);NY.GDP.MKTP.CD;2,84204E+11;2,68697E+11;97724004252;1,27587E+11;1,64658E+11;1,98737E+11;2,32557E+11;2,87531E+11;3,61558E+11;3,32976E+11;4,23627E+11;5,30158E+11;5,45982E+11;5,52025E+11;5,2632E+11;5,94749E+11;5,57532E+11;6,43628E+11;5,2482E+11;4,47755E+11;3,85741E+11;4,86564E+11;6,3279E+11;6,46075E+11;6,33267E+11
Armenia;ARM;GDP (current US$);NY.GDP.MKTP.CD;1911563669;2118467913;2376335048;2807061009;3576615240;4900469511;6384452067;9206301270;11662040714;8647937081;9260285756;10142111825;10619320683;11121464437;11609513247;10553337518;10546136236;11527458709;12457940695;13619290539;12641698583;13878908629;19513506553;24085749592;25786585950
American Samoa;ASM;GDP (current US$);NY.GDP.MKTP.CD;;;512000000;524000000;509000000;500000000;493000000;518000000;560000000;675000000;573000000;570000000;640000000;638000000;643000000;673000000;671000000;612000000;639000000;647000000;721000000;750000000;871000000;;
Antigua and Barbuda;ATG;GDP (current US$);NY.GDP.MKTP.CD;901003703,7;877774074,1;898092592,6;948100000;1026329630;1143896296;1303674074;1487381481;1557640741;1386518519;1298348148;1287359259;1364729630;1325496296;1378707407;1437485185;1489603704;1534855556;1661529630;1726448148;1411637037;1602125926;1866566667;2005785185;2224814815
Australia;AUS;GDP (current US$);NY.GDP.MKTP.CD;4,16168E+11;3,79629E+11;3,95789E+11;4,67739E+11;6,1466E+11;6,95693E+11;7,48418E+11;8,55007E+11;1,05611E+12;9,28762E+11;1,14884E+12;1,39861E+12;1,54753E+12;1,57712E+12;1,46827E+12;1,3513E+12;1,20684E+12;1,32558E+12;1,42781E+12;1,39272E+12;1,32841E+12;1,55674E+12;1,69086E+12;1,72806E+12;1,75219E+12
Austria;AUT;GDP (current US$);NY.GDP.MKTP.CD;1,96182E+11;1,96477E+11;2,12837E+11;2,6078E+11;2,9921E+11;3,13952E+11;3,33906E+11;3,8676E+11;4,29234E+11;3,9929E+11;3,89828E+11;4,28955E+11;4,0675E+11;4,26581E+11;4,38556E+11;3,79546E+11;3,93687E+11;4,14926E+11;4,52582E+11;4,42984E+11;4,34398E+11;4,80467E+11;4,71774E+11;5,11685E+11;5,21642E+11
Azerbaijan;AZE;GDP (current US$);NY.GDP.MKTP.CD;5272615723;5707616204;6236087738;7276413079;8680405741;13245421881;20981929498;33049419431;48851293785;44292427185;52909294792;65952796428;69679944504;74160560124;75239785452;53076235355;37866996883;40866627352;47112470052;48174235294;42693000000;54825411765;78807470588;72428470588;74315882353
Burundi;BDI;GDP (current US$);NY.GDP.MKTP.CD;870486065,9;876794723,1;825394519,4;784654423,6;915257323,4;1117113080;1273375078;1356199387;1611835857;1781455140;2032135192;2235820809;2333341334;2451606632;2705783330;3104003546;2644487777;2723586963;2667182200;2576518880;2649680261;2775798697;3338722828;2629391600;2162378759
Belgium;BEL;GDP (current US$);NY.GDP.MKTP.CD;2,36792E+11;2,36746E+11;2,58384E+11;3,18083E+11;3,69215E+11;3,85715E+11;4,0826E+11;4,70922E+11;5,17328E+11;4,85015E+11;4,81557E+11;5,27197E+11;4,98414E+11;5,24097E+11;5,37987E+11;4,61045E+11;4,74272E+11;5,00909E+11;5,42639E+11;5,36726E+11;5,29694E+11;5,98522E+11;5,93615E+11;6,44655E+11;6,64564E+11
Benin;BEN;GDP (current US$);NY.GDP.MKTP.CD;3519991440;3666222635;4194342686;5349258094;6190270380;6567654954;7034111315;8169048383;9787734526;9738626517;9535345016;10693321364;11141358116;12517845124;13284527847;11388160997;11821065853;12701655837;14262408090;14391686313;15686741894;17687623535;17425405084;19673290996;21482643720
Burkina Faso;BFA;GDP (current US$);NY.GDP.MKTP.CD;2968370088;3190371081;3622350063;4740768143;5451688538;6146353173;6547419820;7625722837;9451435490;9450696873;10109619741;12080295978;12561015157;13444300486;13943016077;11832159316;12833363045;14106955615;15890066221;16032813503;17725010533;19697516284;18820218691;20324617845;23250214910
Bangladesh;BGD;GDP (current US$);NY.GDP.MKTP.CD;53369787319;53991289844;54724081491;60158929188;65108544250;69476001239;71795736172;79611644975;91636997371;1,02475E+11;1,15276E+11;1,28607E+11;1,33311E+11;1,49999E+11;1,72887E+11;1,95147E+11;2,65225E+11;2,93732E+11;3,21363E+11;3,51232E+11;3,73979E+11;4,16272E+11;4,60132E+11;4,37415E+11;4,50119E+11
Bulgaria;BGR;GDP (current US$);NY.GDP.MKTP.CD;13245990274;14183446026;16403043850;21144957990;26157743369;29868657858;34380536496;44431257129;54480684188;52023801230;50689051382;57681293007;54297052002;55819262375;57080897012;50765918159;53929397039;59167647388;66251582036;68634004792;70550652467;84414122840;90509236929;1,02397E+11;1,12212E+11
Bahrain;BHR;GDP (current US$);NY.GDP.MKTP.CD;9062898936;8976196809;9593510638;11074813830;13150159574;15968723404;18504760638;21730000000;25710904255;22938218085;26805984043;29914680851;31963404255;33823324468;34772526596;32523297872;33884680851;37204813830;39567978723;40446808511;35837632979;40840212766;46458191489;46192260638;47736702128
Bahamas, The;BHS;GDP (current US$);NY.GDP.MKTP.CD;8076470000;8317830000;8881160000;8870090000;9055290000;9836200000;10167250000;10618340000;10526000000;9981960000;10095760000;10070450000;10720400000;10475300000;11139100000;11837600000;11880900000;12446900000;12819200000;13277000000;10363200000;12037000000;13896800000;15271300000;15832800000
Bosnia and Herzegovina;BIH;GDP (current US$);NY.GDP.MKTP.CD;5567772769;5800615466;6728220887;8498894359;10156541538;11222796337;12864841906;15778734264;19112796623;17613949091;17176315804;18644233537;17226735996;18179108531;18558733564;16404348871;17116926328;18326373366;20484053869;20482608755;20226036564;23672712242;24534663636;27592361388;28343394203
Belarus;BLR;GDP (current US$);NY.GDP.MKTP.CD;12736780455;12354820144;14594900945;17825444724;23141566293;30210091837;36961894281;45275711996;60752106347;50873167326;57231904543;61762382328;65685890439;75527558966;78813069121;56454769845;47723545321;54725405751;60031026576;64410170653;61371673345;69673747132;73775179925;72478760370;75961865472
Belize;BLZ;GDP (current US$);NY.GDP.MKTP.CD;1138900000;1172800000;1244650000;1308900000;1400850000;1474950000;1591150000;1707100000;1738900000;1688500000;1745700000;1827050000;1909400000;2032750000;2138250000;2193050000;2240200000;2266300000;2293250000;2388300000;2042850000;2420550000;2846700000;3066850000;3515783329
Bermuda;BMU;GDP (current US$);NY.GDP.MKTP.CD;3480219000;3680483000;3937228000;4186525000;4484703000;4868136000;6144000000;6767000000;6980000000;6656000000;6634526000;6312691000;6378188000;6465756000;6413988000;6654541000;6899911000;7142316000;7225977000;7423465000;6887364000;7290037000;7874381000;8579242000;8980200000
Bolivia;BOL;GDP (current US$);NY.GDP.MKTP.CD;8397855485;8141516928;7905485146;8082399640;8773451752;9549122905;11451844902;13120108008;16674276286;17339992194;19649723722;23963164697;27084497482;30659338886;32996188017;33000198249;33941126194;37508642171;40287647931;40895322851;36629843806;40406111693;44008282880;45135398003;49668296744
Brazil;BRA;GDP (current US$);NY.GDP.MKTP.CD;6,55448E+11;5,59984E+11;5,09795E+11;5,58234E+11;6,69289E+11;8,91634E+11;1,10763E+12;1,39711E+12;1,69586E+12;1,667E+12;2,20884E+12;2,61616E+12;2,46523E+12;2,47282E+12;2,45604E+12;1,80221E+12;1,79569E+12;2,06351E+12;1,91693E+12;1,87329E+12;1,47611E+12;1,67065E+12;1,95192E+12;2,19113E+12;2,17941E+12
Barbados;BRB;GDP (current US$);NY.GDP.MKTP.CD;3059500000;3054500000;3106500000;3209500000;3444500000;3819500000;4217323400;4675767950;4790410400;4466809600;5191188500;5342183800;5271257500;5361158350;5365976700;5288057750;5330761500;5517340450;5629916200;5788288000;5168344450;5275242050;6257303500;6720733200;7165000000
Brunei Darussalam;BRN;GDP (current US$);NY.GDP.MKTP.CD;6570999060;6096155748;6333082879;7167725265;8619178799;10547202612;12644616446;13432029496;15926456492;11912904529;13707121031;18524791071;19048443340;18094148099;17097797372;12930296852;11400266055;12128168047;13566908401;13469235348;12005799664;14006496614;16681536443;15095084686;15463134387
Bhutan;BTN;GDP (current US$);NY.GDP.MKTP.CD;460733418,4;496110225,7;559345263,7;651935430,3;735348490,4;860391000,2;942879878,5;1255767964;1317517835;1331343798;1708880730;1977728659;1973387228;1943696952;2089079571;2187815803;2357504761;2591358009;2583335722;2735683570;2457604334;2768802960;2898227744;3019253885;
Botswana;BWA;GDP (current US$);NY.GDP.MKTP.CD;5788329609;5489608300;5438863983;7511582173;8957467707;9918907108;9919158482;10567270656;10730829116;10118459242;12637273429;15110643612;13907464500;14271738933;15470088501;13530748845;15082637184;16105155857;17031943186;16725908149;14960251611;18750182235;20321150598;19411266967;19400774882
Central African Republic;CAF;GDP (current US$);NY.GDP.MKTP.CD;916777282,7;932648604,8;996068144,9;1142315523;1272360517;1337894379;1461859762;1699811295;1993407888;2067381665;2142591540;2437982705;2510126512;1691544110;1894813389;1695825714;1825018145;2072349973;2220979146;2221301351;2326720900;2516498412;2382618615;2555492086;2751544520
Canada;CAN;GDP (current US$);NY.GDP.MKTP.CD;7,44773E+11;7,38982E+11;7,60649E+11;8,95541E+11;1,02669E+12;1,17311E+12;1,31926E+12;1,46882E+12;1,55299E+12;1,37463E+12;1,61734E+12;1,79333E+12;1,82837E+12;1,8466E+12;1,80575E+12;1,55651E+12;1,52799E+12;1,64927E+12;1,72533E+12;1,74373E+12;1,65568E+12;2,02238E+12;2,19041E+12;2,17334E+12;2,24125E+12
Central Europe and the Baltics;CEB;GDP (current US$);NY.GDP.MKTP.CD;4,29413E+11;4,69501E+11;5,28525E+11;6,34291E+11;7,6349E+11;8,85716E+11;1,00132E+12;1,26427E+12;1,53027E+12;1,28927E+12;1,31945E+12;1,45817E+12;1,3619E+12;1,42023E+12;1,46746E+12;1,29715E+12;1,32157E+12;1,46751E+12;1,65822E+12;1,68604E+12;1,67977E+12;1,92794E+12;1,95627E+12;2,27395E+12;2,45556E+12
Switzerland;CHE;GDP (current US$);NY.GDP.MKTP.CD;2,79216E+11;2,86583E+11;3,09301E+11;3,62075E+11;4,03913E+11;4,18285E+11;4,41635E+11;4,90741E+11;5,67268E+11;5,54213E+11;5,98851E+11;7,15888E+11;6,8642E+11;7,06235E+11;7,26538E+11;6,94118E+11;6,87895E+11;6,95201E+11;7,25569E+11;7,21369E+11;7,41999E+11;8,15309E+11;8,28509E+11;8,94425E+11;9,36564E+11
Channel Islands;CHI;GDP (current US$);NY.GDP.MKTP.CD;6439703435;6232906290;6663669065;7332244898;8553643354;8827272727;9676172953;11514605842;;9100755725;8902070457;9649313892;9455340126;9594160857;10528493006;10109968831;9169278153;9170079923;10026153282;10032440899;9439810769;11157003026;11308300382;12507927160;
Chile;CHL;GDP (current US$);NY.GDP.MKTP.CD;78339750721;71574739561;70264045939;76492579644;99075985774;1,22294E+11;1,53844E+11;1,72491E+11;1,79895E+11;1,71778E+11;2,17051E+11;2,51383E+11;2,67025E+11;2,77395E+11;2,59561E+11;2,4245E+11;2,49345E+11;2,76154E+11;2,95858E+11;2,78285E+11;2,54042E+11;3,15326E+11;3,01227E+11;3,35518E+11;3,30267E+11
China;CHN;GDP (current US$);NY.GDP.MKTP.CD;1,22375E+12;1,35504E+12;1,48982E+12;1,6839E+12;1,9842E+12;2,31755E+12;2,7915E+12;3,60406E+12;4,66735E+12;5,18958E+12;6,19256E+12;7,67176E+12;8,67366E+12;9,74312E+12;1,06745E+13;1,12808E+13;1,1456E+13;1,25376E+13;1,41478E+13;1,45602E+13;1,49964E+13;1,82017E+13;1,83168E+13;1,82704E+13;1,87438E+13
Cote d'Ivoire;CIV;GDP (current US$);NY.GDP.MKTP.CD;16577533892;16810537044;18054383321;21251754340;23510575681;24036918703;25281413263;28760090953;34078240293;33886813250;34936307980;36693710801;36302302877;42760235485;48843005614;45815005169;48407761037;52512343997;58522477787;60382894697;63027852805;72794636649;70922824824;79618056324;86538413923
Cameroon;CMR;GDP (current US$);NY.GDP.MKTP.CD;10566579295;10953485349;12417251350;15970315035;18826214136;19509852207;20910512975;23928250433;27715142033;27932970317;27507501821;30630910495;30155062329;33728621180;36386544706;32210233020;33814337044;36098547033;39955552190;39667757528;40773241177;45011937347;44347206073;49279410983;51326764685
Congo, Dem. Rep.;COD;GDP (current US$);NY.GDP.MKTP.CD;19088046306;7438189100;8728038525;8937567060;10297483481;11964484466;14451901696;16737071816;19788515590;18648372553;21565721045;25839749199;29306235285;32679745048;35909040926;37917706497;37134801555;38019264795;47568210010;51775829877;48716961860;55328482784;65801547756;67006756666;70749355652
Congo, Rep.;COG;GDP (current US$);NY.GDP.MKTP.CD;3227927698;2796704604;3034250924;3503723088;4656974940;6650001680;8072305029;8782703437;11649857673;9723299915;13148396212;15655383577;17692911296;17958720699;17919321078;12434793867;10931328151;11834473039;14773900289;13976637780;11468687464;14825690211;15817030157;15321055818;15719985776
Colombia;COL;GDP (current US$);NY.GDP.MKTP.CD;99875074951;98200641203;97945812803;94644969157;1,17092E+11;1,45601E+11;1,61793E+11;2,0623E+11;2,42504E+11;2,32469E+11;2,86499E+11;3,34966E+11;3,70691E+11;3,82094E+11;3,81241E+11;2,93492E+11;2,8272E+11;3,11867E+11;3,34198E+11;3,23032E+11;2,70348E+11;3,18525E+11;3,45632E+11;3,66292E+11;4,18542E+11
Comoros;COM;GDP (current US$);NY.GDP.MKTP.CD;351136579,6;378512024,1;425964681;546885222,7;633706110,8;653845169,2;698431793,9;795673152,9;915659108;905341172,7;907979446,4;1023087476;1015842907;1116223107;1149587624;966029599,8;1012835493;1077439756;1188797450;1195019531;1225039196;1299039312;1279542248;1430523436;1546164420
Cabo Verde;CPV;GDP (current US$);NY.GDP.MKTP.CD;539227277,6;563090490,4;620507387,5;813260468,9;924940011,8;972241676,9;1107571458;1649621739;1959620648;1852334575;1824751468;2046817987;1913081210;2028910915;2041930125;1749857620;1849789986;1996741540;2205099507;2252177124;1821565614;2051842619;2247003344;2539203429;2767599017
Costa Rica;CRI;GDP (current US$);NY.GDP.MKTP.CD;15013629662;15976174337;16578820687;17271760507;18610594846;20040642477;22715540324;26884700709;30801745700;30745714313;37658616952;42762613699;47231655432;50949668842;52016408854;56441920821;58847019610;60516044657;62420164992;64417670521;62395610760;64960725734;69243626029;86497941439;95350423177
Caribbean small states;CSS;GDP (current US$);NY.GDP.MKTP.CD;25626304826;26505415976;27742784875;30590009156;33598465092;38224945559;44326566883;49740132543;57296761662;47914002629;52562626422;56502707806;59929287825;61756466513;63820428910;62135017573;57729936371;59541578263;60893234439;61929300628;53180553803;61961705341;78054577760;79470143935;91570798876
Cuba;CUB;GDP (current US$);NY.GDP.MKTP.CD;30565400000;31682400000;33590500000;35901200000;38203000000;42643836100;48835925926;54262870370;56302129630;57481481481;59562962963;68990000000;73141000000;77148000000;80656100000;87132800000;91370407864;96850649692;1,0005E+11;1,03428E+11;1,07352E+11;;;;
Curacao;CUW;GDP (current US$);NY.GDP.MKTP.CD;2120511229;2143450726;2160784693;2202117374;2237160503;2344637263;2457581732;2593831508;2833476145;2869153184;2951342793;2930092235;3012836257;3033568603;3059406983;3058779218;3024690168;3033433240;3046364804;3026124116;2534327592;2739594360;3075180835;3281419347;
Cayman Islands;CYM;GDP (current US$);NY.GDP.MKTP.CD;;;;;;;4200288241;4466278065;4585949024;4281714567;4156841107;4186073104;4291004524;4405796023;4562853611;4708167233;4909322237;5166281305;5530178441;5941896608;5655358021;6060026520;6600843963;7139428558;
Cyprus;CYP;GDP (current US$);NY.GDP.MKTP.CD;9985847314;10397898907;11420228846;14547329558;17320551250;18433412511;20072754987;23968727074;27844646258;26048179949;25799940078;27641547910;25047436975;23959712861;23225918260;19909278417;21046462281;22946570629;25754001368;26196667100;25555093854;30372642502;30935566077;33886930712;36333022329
Czechia;CZE;GDP (current US$);NY.GDP.MKTP.CD;62175642238;68135304464;82607869610;1,00436E+11;1,20148E+11;1,37264E+11;1,56236E+11;1,90041E+11;2,36506E+11;2,06972E+11;2,11169E+11;2,31429E+11;2,10363E+11;2,13024E+11;2,10911E+11;1,89108E+11;1,98161E+11;2,21564E+11;2,51992E+11;2,56794E+11;2,5111E+11;2,90973E+11;3,01831E+11;3,43207E+11;3,45037E+11
Germany;DEU;GDP (current US$);NY.GDP.MKTP.CD;1,96698E+12;1,96638E+12;2,10235E+12;2,53472E+12;2,85232E+12;2,89339E+12;3,04631E+12;3,48406E+12;3,80879E+12;3,4798E+12;3,46815E+12;3,82483E+12;3,5979E+12;3,80809E+12;3,9658E+12;3,42357E+12;3,53778E+12;3,76309E+12;4,05201E+12;3,95721E+12;3,94014E+12;4,3483E+12;4,1636E+12;4,5257E+12;4,65993E+12
Djibouti;DJI;GDP (current US$);NY.GDP.MKTP.CD;551230861,9;572417440,8;591122039,6;622044665,5;666072101,8;708633194,7;768873684;847918929,1;999105339,3;1049110685;1128611700;1239144502;1353632942;2044440443;2220637966;2424391785;2604955229;2762581334;2913464658;3088851450;3144136197;3392796953;3562814909;3917150481;4086402719
Dominica;DMA;GDP (current US$);NY.GDP.MKTP.CD;333470370,4;377462963;375200000;373318518,5;396711111,1;391455555,6;416674074,1;444685185,2;480003703,7;515618518,5;519859259,3;532081481,5;520355555,6;545325925,9;572255555,6;583177777,8;612711111,1;563355555,6;628244444,4;644259259,3;528944444,4;562911111,1;623062963;659311111,1;688881481,5
Denmark;DNK;GDP (current US$);NY.GDP.MKTP.CD;1,64044E+11;1,64882E+11;1,78788E+11;2,18421E+11;2,51986E+11;2,6515E+11;2,83386E+11;3,20213E+11;3,54979E+11;3,22619E+11;3,22346E+11;3,44316E+11;3,26793E+11;3,44631E+11;3,52833E+11;3,01759E+11;3,12182E+11;3,31611E+11;3,55293E+11;3,45401E+11;3,55631E+11;4,08378E+11;4,01946E+11;4,07092E+11;4,29457E+11
Dominican Republic;DOM;GDP (current US$);NY.GDP.MKTP.CD;24305780629;25601823688;27137440786;21403167848;22322387382;35777560684;37879830084;43965458509;48091433554;48223781477;53801053353;57948261616;60561635556;62555417415;67014329100;70966782572;75552902636;79070274743;84994732049;89146130745;78546672407;94850719517;1,13478E+11;1,20456E+11;1,24282E+11
Algeria;DZA;GDP (current US$);NY.GDP.MKTP.CD;54790398570;59413400924;61516103406;73482264191;91913680985;1,07047E+11;1,23084E+11;1,42483E+11;1,80384E+11;1,50317E+11;1,77785E+11;2,18332E+11;2,27144E+11;2,29701E+11;2,38943E+11;1,87494E+11;1,80764E+11;1,89881E+11;1,94554E+11;1,9346E+11;1,64873E+11;1,86231E+11;2,25638E+11;2,47626E+11;2,6362E+11
East Asia & Pacific (excluding high income);EAP;GDP (current US$);NY.GDP.MKTP.CD;1,74862E+12;1,86294E+12;2,06387E+12;2,3379E+12;2,71237E+12;3,1401E+12;3,78328E+12;4,78706E+12;6,06202E+12;6,58136E+12;8,00862E+12;9,77426E+12;1,09053E+13;1,20475E+13;1,30047E+13;1,35489E+13;1,38441E+13;1,51156E+13;1,69021E+13;1,75034E+13;1,78054E+13;2,12315E+13;2,15636E+13;2,16441E+13;2,22609E+13
Early-demographic dividend;EAR;GDP (current US$);NY.GDP.MKTP.CD;3,37788E+12;3,35142E+12;3,2553E+12;3,62177E+12;4,2085E+12;4,89592E+12;5,59788E+12;6,62723E+12;7,45689E+12;7,17457E+12;8,71422E+12;9,82739E+12;1,02792E+13;1,0438E+13;1,07976E+13;1,02718E+13;1,0572E+13;1,14759E+13;1,16521E+13;1,18879E+13;1,10397E+13;1,29233E+13;1,42748E+13;1,51478E+13;1,60217E+13
East Asia & Pacific;EAS;GDP (current US$);NY.GDP.MKTP.CD;8,3904E+12;7,80582E+12;7,93274E+12;8,72685E+12;9,7886E+12;1,04447E+13;1,10765E+13;1,23876E+13;1,42969E+13;1,47222E+13;1,71864E+13;1,99205E+13;2,13198E+13;2,15886E+13;2,22939E+13;2,22205E+13;2,30055E+13;2,45637E+13;2,67494E+13;2,73221E+13;2,74743E+13;3,15485E+13;3,1136E+13;3,12794E+13;3,18827E+13
Europe & Central Asia (excluding high income);ECA;GDP (current US$);NY.GDP.MKTP.CD;3,90809E+11;3,3521E+11;3,90006E+11;4,97299E+11;6,40054E+11;7,96901E+11;9,27052E+11;1,16764E+12;1,39747E+12;1,16523E+12;1,37951E+12;1,56888E+12;1,65423E+12;1,80437E+12;1,73183E+12;1,50937E+12;1,44906E+12;1,49476E+12;1,46818E+12;1,49831E+12;1,43714E+12;1,67034E+12;1,81799E+12;2,13474E+12;2,42184E+12
Europe & Central Asia;ECS;GDP (current US$);NY.GDP.MKTP.CD;1,00777E+13;1,01822E+13;1,11511E+13;1,35593E+13;1,58052E+13;1,68245E+13;1,82229E+13;2,12899E+13;2,34332E+13;2,06285E+13;2,1103E+13;2,34163E+13;2,25448E+13;2,3559E+13;2,38975E+13;2,05833E+13;2,05118E+13;2,17662E+13;2,3307E+13;2,30328E+13;2,22876E+13;2,55139E+13;2,57008E+13;2,76172E+13;2,91469E+13
Ecuador;ECU;GDP (current US$);NY.GDP.MKTP.CD;17539454727;23127055000;27054197000;30965208000;35194947000;40278849000;45690762000;49848725000;61139438000;60094978000;68151329000;78986648000;87735048000;96570334000;1,02718E+11;97209558000;97671433000;1,04467E+11;1,07479E+11;1,07596E+11;95865473000;1,07179E+11;1,16133E+11;1,21147E+11;1,24676E+11
Egypt, Arab Rep.;EGY;GDP (current US$);NY.GDP.MKTP.CD;99838543960;96684636119;85146067416;80288461538;78782467532;89660339660;1,07426E+11;1,30438E+11;1,62818E+11;1,89147E+11;2,18984E+11;2,3599E+11;2,79117E+11;2,88434E+11;3,05595E+11;3,29367E+11;3,32442E+11;2,48363E+11;2,62589E+11;3,18679E+11;3,83818E+11;4,24672E+11;4,76748E+11;3,95926E+11;3,8906E+11
Euro area;EMU;GDP (current US$);NY.GDP.MKTP.CD;6,52863E+12;6,6319E+12;7,24186E+12;8,92123E+12;1,0231E+13;1,06118E+13;1,12883E+13;1,30003E+13;1,42963E+13;1,30843E+13;1,27861E+13;1,38102E+13;1,27867E+13;1,33587E+13;1,36833E+13;1,18286E+13;1,21246E+13;1,28399E+13;1,3868E+13;1,3587E+13;1,32669E+13;1,49185E+13;1,44524E+13;1,57872E+13;1,64061E+13
Eritrea;ERI;GDP (current US$);NY.GDP.MKTP.CD;706370815,6;752371688,7;729321680,2;870248267,6;1109054005;1098424686;1211161880;1317974491;1380188800;1856695551;1589515447;2065001626;;;;;;;;;;;;;
Spain;ESP;GDP (current US$);NY.GDP.MKTP.CD;5,98103E+11;6,27799E+11;7,08938E+11;9,07963E+11;1,06983E+12;1,15467E+12;1,26185E+12;1,47675E+12;1,63612E+12;1,49659E+12;1,42799E+12;1,48757E+12;1,33099E+12;1,36219E+12;1,38024E+12;1,20616E+12;1,24302E+12;1,32175E+12;1,43164E+12;1,4035E+12;1,28978E+12;1,46124E+12;1,4465E+12;1,62009E+12;1,72275E+12
Estonia;EST;GDP (current US$);NY.GDP.MKTP.CD;5686579748;6250218423;7370119619;9876595528;12148595031;14109491357;17025671810;22450264166;24342935404;19633984440;19524355419;23303915795;23237406116;25451032781;27055689003;23311847751;24561027788;27469461919;31222632741;31873748770;31820771494;37204563051;38376046175;41291245222;42764929169
Ethiopia;ETH;GDP (current US$);NY.GDP.MKTP.CD;8242349618;8231326016;7850809498;8623691300;10131187261;12401139454;15280861835;19707616773;27066912635;32437389116;29933790334;31952763089;43310721414;47648276605;55612228234;64589328551;74296766562;81770885148;84269180857;95912620248;1,07658E+11;1,11262E+11;1,26773E+11;;
European Union;EUU;GDP (current US$);NY.GDP.MKTP.CD;7,28848E+12;7,40762E+12;8,10043E+12;9,95686E+12;1,14491E+13;1,19544E+13;1,27684E+13;1,47895E+13;1,63651E+13;1,48461E+13;1,46431E+13;1,58763E+13;1,47336E+13;1,54E+13;1,57648E+13;1,36551E+13;1,39906E+13;1,48701E+13;1,60922E+13;1,58093E+13;1,55057E+13;1,74985E+13;1,69961E+13;1,86027E+13;1,94233E+13
Fragile and conflict affected situations;FCS;GDP (current US$);NY.GDP.MKTP.CD;4,66382E+11;4,56399E+11;4,4535E+11;4,68956E+11;5,96532E+11;7,563E+11;9,4689E+11;1,15963E+12;1,48218E+12;1,3431E+12;1,59454E+12;1,66501E+12;1,86395E+12;1,93548E+12;2,05269E+12;1,6174E+12;1,48968E+12;1,58908E+12;1,73552E+12;1,84281E+12;1,67651E+12;1,78707E+12;1,96702E+12;1,82023E+12;1,70032E+12
Finland;FIN;GDP (current US$);NY.GDP.MKTP.CD;1,25968E+11;1,2952E+11;1,40361E+11;1,71613E+11;1,97458E+11;2,04859E+11;2,17044E+11;2,5636E+11;2,85699E+11;2,53481E+11;2,4943E+11;2,75127E+11;2,57443E+11;2,70268E+11;2,73479E+11;2,33211E+11;2,38778E+11;2,53846E+11;2,73869E+11;2,67015E+11;2,7E+11;2,94223E+11;2,80253E+11;2,94951E+11;2,99836E+11
Fiji;FJI;GDP (current US$);NY.GDP.MKTP.CD;1678219508;1652462023;1833279985;2300492465;2708078477;2980403845;3076305453;3378314600;3523185920;2870624636;3140166713;3779411899;3972028104;4189967999;4857104769;4682479894;4930213644;5353469174;5581425327;5444407198;4432466220;4305031650;4969503549;5442046553;5840564073
France;FRA;GDP (current US$);NY.GDP.MKTP.CD;1,36096E+12;1,37038E+12;1,49243E+12;1,8351E+12;2,10979E+12;2,19215E+12;2,31786E+12;2,65582E+12;2,9268E+12;2,70008E+12;2,64623E+12;2,87041E+12;2,68301E+12;2,81608E+12;2,86124E+12;2,44248E+12;2,47041E+12;2,58887E+12;2,78158E+12;2,72279E+12;2,64793E+12;2,96643E+12;2,7963E+12;3,05183E+12;3,16208E+12
Faroe Islands;FRO;GDP (current US$);NY.GDP.MKTP.CD;1067109531;1160268212;1275093689;1501941581;1724770771;1759739599;2017680835;2339015313;2489873250;2296065170;2331796784;2505740669;2427200389;2690110521;2914012679;2573905971;2813278869;2980057378;3188600927;3266432734;3271813312;3664686797;3566698398;3907323961;
Micronesia, Fed. Sts.;FSM;GDP (current US$);NY.GDP.MKTP.CD;233271800;240970900;242517200;245432900;240236000;250281900;253541900;256787200;263145100;280284600;296944100;311301600;327248700;317214400;319271200;316489900;325000000;359000000;392000000;394000000;372902690;391601947;415956896,5;443916782,3;471425099,5
Gabon;GAB;GDP (current US$);NY.GDP.MKTP.CD;5080483629;5023265413;5335451100;6511903365;7770219008;9582783991;10327598306;12455409587;15571348344;12113699068;14372593020;18210307744;17170464016;17595744798;18203966896;14383107763;14023890265;14929487485;16867326402;16874405465;15342236164;19444935097;20440655695;20055720403;20867044936
United Kingdom;GBR;GDP (current US$);NY.GDP.MKTP.CD;1,66553E+12;1,64983E+12;1,78573E+12;2,05442E+12;2,42153E+12;2,54318E+12;2,70844E+12;3,09051E+12;2,92941E+12;2,41284E+12;2,48548E+12;2,66381E+12;2,70709E+12;2,78485E+12;3,06471E+12;2,92791E+12;2,68911E+12;2,68015E+12;2,87134E+12;2,85141E+12;2,69678E+12;3,14332E+12;3,11404E+12;3,36986E+12;3,64383E+12
Georgia;GEO;GDP (current US$);NY.GDP.MKTP.CD;3057475335;3219462262;3395766678;3991377904;5125365192;6410912050;7745250734;10172931089;12795145131;10766920066;12426907967;15475290469;16894392033;17517660144;17966015109;15223796149;15444548902;16473125375;17902544881;17638337117;16010869216;18853115589;24984568960;30777833601;33776141251
Ghana;GHA;GDP (current US$);NY.GDP.MKTP.CD;4982850662;5314872854;6166197848;7632723556;8881417907;10744568381;20885037597;24827339138;28679383241;26048720006;32197655567;39336668081;41271701061;62845721960;54678533806;49436806230;56144179398;60385409435;67259353966;68352629246;70008243860;79514204730;73919003210;80547146878;82825288889
Gibraltar;GIB;GDP (current US$);NY.GDP.MKTP.CD;;;;;;;;;;;;;;;;;;;;;;;;;
Guinea;GIN;GDP (current US$);NY.GDP.MKTP.CD;4367458867;4125527603;4301608753;5025167975;5300767961;4282468637;4220019845;6281918226;6964179983;6716905340;6853467146;6785137203;7638044557;8376613539;8778473373;8794201743;8595955222;10324668271;11857030367;13442861496;14088693743;17069115738;19910452542;22407615556;25334307879
Gambia, The;GMB;GDP (current US$);NY.GDP.MKTP.CD;782913871,8;687410645,1;578235309,3;487038685;961900651,4;1027701068;1054112488;1279703047;1561766956;1450142509;1543294927;1409693597;1415004738;1375609453;1229461721;1378176609;1484578886;1504909463;1670671328;1813609692;1812170891;2014158842;2204734527;2396111021;2507519958
Guinea-Bissau;GNB;GDP (current US$);NY.GDP.MKTP.CD;391345597,5;412610871,5;466773711,2;553614800,1;582169841,3;639776040,7;634781901,3;753162998;952667544;890167833,4;940112538,9;1157074319;1049412177;1109682824;1135250721;1152384167;1245074264;1469978606;1554133594;1588767976;1683619352;1878659687;1839048748;2077816135;2119865935
Equatorial Guinea;GNQ;GDP (current US$);NY.GDP.MKTP.CD;1045998496;1461139022;1806742742;2484745935;4410764339;8217369093;10086528699;13071718759;19749893536;15027795173;16314443436;21357343669;22388344144;21948834284;21765453082;13185496881;11240808848;12200913879;13097012134;11364133550;9893816008;12215878033;13687643436;12337550584;12765777677
Greece;GRC;GDP (current US$);NY.GDP.MKTP.CD;1,2576E+11;1,3205E+11;1,50254E+11;1,96931E+11;2,3498E+11;2,42316E+11;2,69073E+11;3,14227E+11;3,51121E+11;3,26829E+11;2,96418E+11;2,83228E+11;2,38841E+11;2,36556E+11;2,33912E+11;1,94567E+11;1,93097E+11;2,00381E+11;2,13299E+11;2,07306E+11;1,91363E+11;2,18304E+11;2,18881E+11;2,43498E+11;2,57145E+11
Grenada;GRD;GDP (current US$);NY.GDP.MKTP.CD;520044370,4;520444185,2;540336925,9;591018407,4;599118592,6;695555555,6;698700666,7;758683592,6;825976037;771275555,6;771014814,8;778655555,6;799881481,5;842618518,5;911496296,3;997007407,4;1061640741;1125685185;1166514815;1213485185;1043411111;1122800000;1231732104;1323985600;1391435993
Greenland;GRL;GDP (current US$);NY.GDP.MKTP.CD;1068025016;1086170704;1169136716;1558759823;1822499769;1849802648;2013106930;2249811296;2499092314;2529963903;2503167187;2684461375;2609678486;2684946990;2842065708;2499113023;2707139544;2851613679;3055782146;2997309972;3089625554;3293578468;3152334772;3326544174;
Guatemala;GTM;GDP (current US$);NY.GDP.MKTP.CD;19288929030;18405220247;20444205991;21576351799;23577298095;26783389294;29744246827;33567850824;38503720224;37126148265;40676578423;46876006272;49593929487;52996446180;57852152955;62186064758;66053403364;71653754107;73328365862;77172317259;77719464221;86455519687;95641441235;1,04368E+11;1,132E+11
Guam;GUM;GDP (current US$);NY.GDP.MKTP.CD;;;3394000000;3569000000;3869000000;4213000000;4238000000;4397000000;4658000000;4828000000;4949000000;4984000000;5265000000;5399000000;5610000000;5799000000;5901000000;6013000000;6051000000;6355000000;5916000000;6234000000;6910000000;;
Guyana;GUY;GDP (current US$);NY.GDP.MKTP.CD;712667896,7;712167450,2;726131434,7;743063950,3;787814379,2;824880550,3;2379817991;2730971595;3025187433;3165663153;3432912517;3691384318;4063088536;4167800929;4127660152;4279840194;4482697337;4748174334;4787636998;5173760192;5471256595;8041362110;14718388489;16918503597;24835899826
High income;HIC;GDP (current US$);NY.GDP.MKTP.CD;2,80671E+13;2,78443E+13;2,90594E+13;3,26201E+13;3,64402E+13;3,86935E+13;4,10709E+13;4,51948E+13;4,84496E+13;4,50641E+13;4,74675E+13;5,1685E+13;5,18614E+13;5,26133E+13;5,34986E+13;4,99567E+13;5,09251E+13;5,35328E+13;5,68997E+13;5,74695E+13;5,6045E+13;6,29278E+13;6,52487E+13;6,86188E+13;7,1523E+13
Hong Kong SAR, China;HKG;GDP (current US$);NY.GDP.MKTP.CD;1,71669E+11;1,69404E+11;1,66349E+11;1,61386E+11;1,691E+11;1,81569E+11;1,93535E+11;2,11597E+11;2,19279E+11;2,14048E+11;2,28639E+11;2,48514E+11;2,62629E+11;2,75697E+11;2,9146E+11;3,09386E+11;3,2086E+11;3,41273E+11;3,61731E+11;3,63075E+11;3,44943E+11;3,68954E+11;3,5868E+11;3,81066E+11;4,07107E+11
Honduras;HND;GDP (current US$);NY.GDP.MKTP.CD;7186638029;7651162302;7858255413;8230391347;8869299234;9757012697;10917477066;12361257681;13881731876;14587496229;15839344592;17710275685;18528554398;18499729215;19756533972;20979791685;21717604952;23136247991;24067750760;24882225742;23352232484;28144331507;31426041807;34355805528;37093565854
Heavily indebted poor countries (HIPC);HPC;GDP (current US$);NY.GDP.MKTP.CD;1,81381E+11;1,7523E+11;1,90151E+11;2,15719E+11;2,50209E+11;2,88525E+11;3,38618E+11;4,03325E+11;4,79489E+11;4,75698E+11;5,16644E+11;5,73019E+11;5,94539E+11;6,65125E+11;7,02884E+11;6,75124E+11;6,81582E+11;7,32428E+11;7,83852E+11;8,11925E+11;8,20678E+11;9,14476E+11;9,9348E+11;1,04591E+12;1,1323E+12
Croatia;HRV;GDP (current US$);NY.GDP.MKTP.CD;22134411297;23066883850;26757722429;35245317002;41836292157;45013119282;49590197657;59298265770;68478776206;62321642125;58981738869;62903737380;57551963753;59852401272;59612144078;51005200670;52654855638;56186190438;61668130123;61467582194;57963370885;69006802299;71198635102;84393795502;92526176109
Haiti;HTI;GDP (current US$);NY.GDP.MKTP.CD;6813566099;6331970324;6205847214;5071947798;6087360684;7030149730;7638739123;9228637768;10432962635;11597002835;11859312725;13008746039;13708925477;14902488604;15146883498;14849629309;14069277526;15093357161;16403864618;15016090930;14508222518;20877414953;20253551921;19850585722;25224154991
Hungary;HUN;GDP (current US$);NY.GDP.MKTP.CD;47275954429;53800068066;67636468625;85190469121;1,04015E+11;1,13098E+11;1,15604E+11;1,40123E+11;1,58228E+11;1,30807E+11;1,31899E+11;1,41713E+11;1,2847E+11;1,35646E+11;1,41129E+11;1,25244E+11;1,28984E+11;1,43335E+11;1,61185E+11;1,64937E+11;1,58468E+11;1,83283E+11;1,77537E+11;2,14023E+11;2,22905E+11
IBRD only;IBD;GDP (current US$);NY.GDP.MKTP.CD;5,88568E+12;5,97117E+12;6,06323E+12;6,81083E+12;8,11265E+12;9,68832E+12;1,14922E+13;1,42757E+13;1,7129E+13;1,66276E+13;2,0219E+13;2,39333E+13;2,54475E+13;2,68751E+13;2,77953E+13;2,60622E+13;2,62575E+13;2,89807E+13;3,09081E+13;3,15818E+13;3,04263E+13;3,61347E+13;3,81733E+13;3,94458E+13;4,11022E+13
IDA & IBRD total;IBT;GDP (current US$);NY.GDP.MKTP.CD;6,40394E+12;6,48377E+12;6,61558E+12;7,43388E+12;8,84291E+12;1,05375E+13;1,25066E+13;1,54656E+13;1,85465E+13;1,80118E+13;2,18151E+13;2,57373E+13;2,73508E+13;2,89443E+13;3,00225E+13;2,82301E+13;2,84161E+13;3,12555E+13;3,33205E+13;3,40908E+13;3,28849E+13;3,88106E+13;4,10678E+13;4,22328E+13;4,39181E+13
IDA total;IDA;GDP (current US$);NY.GDP.MKTP.CD;5,18662E+11;5,12843E+11;5,5301E+11;6,23828E+11;7,31027E+11;8,49828E+11;1,01516E+12;1,19002E+12;1,41741E+12;1,38423E+12;1,59606E+12;1,80399E+12;1,90329E+12;2,06915E+12;2,2272E+12;2,16666E+12;2,15761E+12;2,27481E+12;2,41244E+12;2,50863E+12;2,45783E+12;2,67728E+12;2,89531E+12;2,7812E+12;2,80702E+12
IDA blend;IDB;GDP (current US$);NY.GDP.MKTP.CD;2,44329E+11;2,44005E+11;2,67657E+11;3,02985E+11;3,65174E+11;4,28406E+11;5,26719E+11;6,09916E+11;7,14828E+11;6,69208E+11;7,80649E+11;8,887E+11;9,83022E+11;1,0715E+12;1,16458E+12;1,10488E+12;1,03575E+12;1,06474E+12;1,1253E+12;1,15321E+12;1,08714E+12;1,18711E+12;1,27936E+12;1,14935E+12;1,06E+12
Indonesia;IDN;GDP (current US$);NY.GDP.MKTP.CD;1,65021E+11;1,60447E+11;1,95661E+11;2,34772E+11;2,56837E+11;2,85869E+11;3,64571E+11;4,32217E+11;5,10229E+11;5,3958E+11;7,55094E+11;8,92969E+11;9,1787E+11;9,12524E+11;8,90815E+11;8,60854E+11;9,31877E+11;1,01562E+12;1,04227E+12;1,1191E+12;1,05905E+12;1,18651E+12;1,3191E+12;1,37117E+12;1,3963E+12
IDA only;IDX;GDP (current US$);NY.GDP.MKTP.CD;2,74833E+11;2,69261E+11;2,85678E+11;3,21179E+11;3,65954E+11;4,21427E+11;4,88008E+11;5,79818E+11;7,02585E+11;7,1502E+11;8,1541E+11;9,15288E+11;9,20269E+11;9,9765E+11;1,06262E+12;1,06178E+12;1,12186E+12;1,21006E+12;1,28714E+12;1,35542E+12;1,37069E+12;1,49017E+12;1,61595E+12;1,63862E+12;1,76236E+12
Isle of Man;IMN;GDP (current US$);NY.GDP.MKTP.CD;1601050083;1668684324;1891002698;2252620408;2802206152;3032411027;3422733202;4466350656;5928791505;5486921247;5920369790;6565667053;6690228372;7001175623;7708454412;7084800892;6846377563;6979788334;7491649456;7314967866;6684225641;7931193222;7431257411;;
India;IND;GDP (current US$);NY.GDP.MKTP.CD;4,68396E+11;4,8544E+11;5,14939E+11;6,07701E+11;7,09153E+11;8,20384E+11;9,4026E+11;1,21674E+12;1,1989E+12;1,34189E+12;1,67562E+12;1,82305E+12;1,82764E+12;1,85672E+12;2,03913E+12;2,10359E+12;2,2948E+12;2,65147E+12;2,70293E+12;2,83561E+12;2,67485E+12;3,16727E+12;3,34611E+12;3,63849E+12;3,91269E+12
Not classified;INX;GDP (current US$);NY.GDP.MKTP.CD;;;;;;;;;;;;;;;;;;;;;;;;;
Ireland;IRL;GDP (current US$);NY.GDP.MKTP.CD;1,00208E+11;1,09347E+11;1,28596E+11;1,64671E+11;1,94372E+11;2,11877E+11;2,32181E+11;2,70079E+11;2,75447E+11;2,36443E+11;2,21986E+11;2,41337E+11;2,27271E+11;2,43302E+11;2,66787E+11;3,02391E+11;3,05733E+11;3,48532E+11;3,95461E+11;4,07125E+11;4,36556E+11;5,31307E+11;5,4857E+11;5,51395E+11;5,77389E+11
Iran, Islamic Rep.;IRN;GDP (current US$);NY.GDP.MKTP.CD;1,09592E+11;1,26879E+11;1,28627E+11;1,51911E+11;1,87755E+11;2,2497E+11;2,65602E+11;3,49737E+11;4,06071E+11;4,14059E+11;4,8707E+11;6,29082E+11;6,44019E+11;5,004E+11;4,62285E+11;4,09192E+11;4,59043E+11;4,89169E+11;3,9888E+11;3,33519E+11;2,62186E+11;3,83436E+11;3,94363E+11;4,04626E+11;4,36906E+11
Iraq;IRQ;GDP (current US$);NY.GDP.MKTP.CD;48364250944;36176430129;32928454672;21921569479;36633669269;50065104668;65147051918;88837057320;1,31614E+11;1,11658E+11;1,38517E+11;1,8575E+11;2,18002E+11;2,34638E+11;2,28416E+11;1,66774E+11;1,66744E+11;1,87218E+11;2,27367E+11;2,33636E+11;1,80899E+11;2,09692E+11;2,87372E+11;2,68881E+11;2,79641E+11
Iceland;ISL;GDP (current US$);NY.GDP.MKTP.CD;9025660362;8234846805;9318395055;11429333038;13825302536;16852963067;17465318552;21652505597;18074622987;13154414219;13751161918;15221622926;14751508134;16125060515;17867662178;17517210519;20793168031;24728285177;26260850582;24681343649;21629953194;25770339317;28696453180;31452223862;33462807983
Israel;ISR;GDP (current US$);NY.GDP.MKTP.CD;1,36512E+11;1,35002E+11;1,25332E+11;1,31409E+11;1,40048E+11;1,4752E+11;1,58901E+11;1,84681E+11;2,21232E+11;2,13403E+11;2,39679E+11;2,68095E+11;2,63589E+11;2,98478E+11;3,15017E+11;3,03469E+11;3,21941E+11;3,58452E+11;3,76299E+11;4,00645E+11;4,10768E+11;4,89852E+11;5,25181E+11;5,12185E+11;5,4038E+11
Italy;ITA;GDP (current US$);NY.GDP.MKTP.CD;1,14966E+12;1,17204E+12;1,28175E+12;1,58293E+12;1,81281E+12;1,86498E+12;1,95856E+12;2,22252E+12;2,41751E+12;2,20948E+12;2,14494E+12;2,30697E+12;2,09793E+12;2,15323E+12;2,17326E+12;1,84543E+12;1,88711E+12;1,97072E+12;2,09944E+12;2,01961E+12;1,90748E+12;2,17921E+12;2,10407E+12;2,30461E+12;2,37277E+12
Jamaica;JAM;GDP (current US$);NY.GDP.MKTP.CD;9005064475;9194727831;9719009495;9430234811;10174664854;11243865778;11930179090;12799600047;13709401520;12120458115;13220549908;14444661522;14807086556;14264205153;13899217680;14188936918;14077096677;14808985133;15730792876;15830766531;13812421836;14657586159;17097760687;19423355367;19930288337
Jordan;JOR;GDP (current US$);NY.GDP.MKTP.CD;8460789845;8975814653;9582510578;10195627645;11411706629;12588998590;15056981664;17110437236;22658715989;24537876056;27133804225;29524149155;31634561690;34454440141;36847643521;38587017887;39892551127;41608435915;43370860704;44503006338;43700383099;46296100141;48764963380;51088476338;53352289577
Japan;JPN;GDP (current US$);NY.GDP.MKTP.CD;4,96836E+12;4,37471E+12;4,18285E+12;4,51956E+12;4,89312E+12;4,83147E+12;4,60166E+12;4,57975E+12;5,10668E+12;5,28949E+12;5,75907E+12;6,23315E+12;6,27236E+12;5,21233E+12;4,89699E+12;4,44493E+12;5,00368E+12;4,93084E+12;5,04088E+12;5,11799E+12;5,05407E+12;5,03915E+12;4,26246E+12;4,21317E+12;4,02621E+12
Kazakhstan;KAZ;GDP (current US$);NY.GDP.MKTP.CD;18291990662;22152689180;24636598527;30833692900;43151647003;57123671734;81003864630;1,0485E+11;1,33442E+11;1,15309E+11;1,48047E+11;1,92626E+11;2,07999E+11;2,36635E+11;2,21416E+11;1,84388E+11;1,37278E+11;1,66806E+11;1,7934E+11;1,81667E+11;1,71082E+11;1,97112E+11;2,25496E+11;2,6184E+11;2,88406E+11
Kenya;KEN;GDP (current US$);NY.GDP.MKTP.CD;12705350098;12986007426;13147736899;14904517650;16095337094;18737895513;25825512284;31958195182;35895153328;42347217913;45405615064;46869473151;56396704672;61671440408;68285796514;70120446897;74815144164;82036510877;92202979985;1,00378E+11;1,00658E+11;1,09704E+11;1,14449E+11;1,08039E+11;1,24499E+11
Kyrgyz Republic;KGZ;GDP (current US$);NY.GDP.MKTP.CD;1369688498;1525116370;1605643105;1919008090;2211534585;2460246766;2834168889;3802570553;5139958909;4690061381;4794361863;6197765984;6605142884;7335033801;7468102413;6678177512;6813095379;7702938379;8271106235;9371275264;8270468614;9249133946;12134931018;15180842369;17478259659
Cambodia;KHM;GDP (current US$);NY.GDP.MKTP.CD;3694168979;4145665970;4501227627;5046693484;5883297160;7066296463;8350531017;10127916460;12174303999;12502901170;13808673288;16032622024;17826536700;19807135253;22041463968;24174170369;26556545153;29355665910;33145892169;36685356408;34818073901;36790163687;39994532960;42335646896;46352647035
Kiribati;KIR;GDP (current US$);NY.GDP.MKTP.CD;74910527,26;64935850,16;74743869,13;96105619,38;104085892,1;113895437,3;112338353,3;138054945,6;147017895;140177384,1;165458433,1;195970140,2;207001545,9;201730860,8;200287282;191559398,7;206467818,5;222875736,3;233514717,4;216985388,3;220897998,7;285259894;270040457;288610732,2;307862546,8
St. Kitts and Nevis;KNA;GDP (current US$);NY.GDP.MKTP.CD;421695769,8;458643829;481077373,7;469869869,9;506900000;547203703,7;644414814,8;689285185,2;777692592,6;774274074,1;778718518,5;836092592,6;824585185,2;874548148,1;952111111,1;957222222,2;1006818519;1056977778;1076548148;1107855556;883922222,2;858622222,2;980188888,9;1056751852;1066681481
Korea, Rep.;KOR;GDP (current US$);NY.GDP.MKTP.CD;5,76179E+11;5,47656E+11;6,27247E+11;7,02715E+11;7,93176E+11;9,34901E+11;1,05322E+12;1,17261E+12;1,04734E+12;9,43942E+11;1,14367E+12;1,25329E+12;1,27805E+12;1,37063E+12;1,48449E+12;1,46604E+12;1,49968E+12;1,62307E+12;1,72537E+12;1,65142E+12;1,64431E+12;1,81843E+12;1,67392E+12;1,71279E+12;
Kuwait;KWT;GDP (current US$);NY.GDP.MKTP.CD;37718743480;34889559870;38135788414;47874582232;59439090601;80798630137;1,01557E+11;1,14634E+11;1,4738E+11;1,05969E+11;1,15416E+11;1,54039E+11;1,74048E+11;1,74168E+11;1,6265E+11;1,14586E+11;1,09407E+11;1,20688E+11;1,38646E+11;1,40856E+11;1,11045E+11;1,48351E+11;1,83502E+11;1,65384E+11;1,60227E+11
Latin America & Caribbean (excluding high income);LAC;GDP (current US$);NY.GDP.MKTP.CD;1,98649E+12;1,9355E+12;1,74055E+12;1,77671E+12;2,02511E+12;2,4505E+12;2,85841E+12;3,37474E+12;3,9006E+12;3,6125E+12;4,51875E+12;5,27764E+12;5,25055E+12;5,38561E+12;5,40517E+12;4,57797E+12;4,43801E+12;4,95148E+12;4,80749E+12;4,73927E+12;3,98443E+12;4,6291E+12;5,32569E+12;5,99736E+12;6,14637E+12
Lao PDR;LAO;GDP (current US$);NY.GDP.MKTP.CD;1731198022;1768619058;1758176653;2023324407;2366398120;2735558735;3455030061;4223152739;5446433157;5836137330;7131771015;8750104617;10192846339;11983252627;13279245886;14426380126;15912501723;17071155481;18141641090;18740561513;18981805250;18827148531;15468785204;15843155731;16502933121
Lebanon;LBN;GDP (current US$);NY.GDP.MKTP.CD;17260364842;17649751244;19152238806;20082918740;21159827992;21497336499;22022709851;24827355015;29118916105;35399582929;38443907042;39927125962;44016799516;46880103081;48095213747;49929337837;51147308774;53027680686;54901519156;51605959131;31712128254;23131941557;20992421949;20078620357;
Liberia;LBR;GDP (current US$);NY.GDP.MKTP.CD;874000000;906000000;927000000;748000000;897000000;949000000;1119000000;1373000000;1726000000;1768000000;1998000000;2398000000;2791614000;3177198100;3225652000;3227075700;3398419600;3390703400;3422754800;3319596500;3176126300;3513049500;4001047000;4390000000;4750000000
Libya;LBY;GDP (current US$);NY.GDP.MKTP.CD;38270954138;34112093927;20481889764;26265625000;33122307692;47334691241;60094231607;68032978391;86710767415;60808562033;75380825062;48169263294;92540938129;75351107029;57372355592;48717501321;49912073701;67157452182;76686029772;69254496472;46854285441;35217995647;43246297922;45096462972;46636278902
St. Lucia;LCA;GDP (current US$);NY.GDP.MKTP.CD;932592592,6;892592592,6;900000000;987407407,4;1066666667;1135555556;1268319185;1336088815;1437731111;1401507889;1482385185;1568370370;1598207407;1660392593;1749185185;1807640741;1868544444;1998503704;2060955556;2095344444;1499274074;1867185185;2342714815;2430166667;2549062963
Latin America & Caribbean;LCN;GDP (current US$);NY.GDP.MKTP.CD;2,32695E+12;2,28261E+12;2,05278E+12;2,09189E+12;2,40546E+12;2,90321E+12;3,39731E+12;3,99874E+12;4,64407E+12;4,35752E+12;5,39739E+12;6,13894E+12;6,21061E+12;6,36421E+12;6,4852E+12;5,42044E+12;5,28569E+12;5,86834E+12;5,74237E+12;5,65984E+12;4,80592E+12;5,58181E+12;6,34559E+12;7,1278E+12;7,31363E+12
Least developed countries: UN classification;LDC;GDP (current US$);NY.GDP.MKTP.CD;2,24107E+11;2,16021E+11;2,36276E+11;2,67563E+11;3,09063E+11;3,66207E+11;4,24108E+11;5,08465E+11;6,23171E+11;6,17248E+11;6,97393E+11;7,95863E+11;8,33459E+11;9,0599E+11;9,73314E+11;9,34515E+11;9,49887E+11;1,0396E+12;1,10788E+12;1,16824E+12;1,17976E+12;1,28834E+12;1,44522E+12;1,41648E+12;1,49534E+12
Low income;LIC;GDP (current US$);NY.GDP.MKTP.CD;1,16188E+11;1,09296E+11;1,21557E+11;1,35905E+11;1,606E+11;1,93438E+11;2,24152E+11;2,70755E+11;3,22233E+11;3,14793E+11;3,52445E+11;3,83594E+11;3,50423E+11;3,56976E+11;3,76071E+11;3,5971E+11;3,1611E+11;3,272E+11;3,42687E+11;3,5693E+11;3,40851E+11;3,7063E+11;4,2794E+11;4,23723E+11;4,66542E+11
Liechtenstein;LIE;GDP (current US$);NY.GDP.MKTP.CD;2483889858;2491800559;2688618747;3070803051;3454373798;3659319117;4000102086;4601429897;5081479840;4504375348;5082337238;5739706005;5456102482;6391708311;6657526980;6268515276;6237302034;6474308718;6692620692;6436467007;6405870210;7912602342;7378156576;8287748667;
Sri Lanka;LKA;GDP (current US$);NY.GDP.MKTP.CD;16330814180;15749753805;16536535647;18881765437;20662525941;24405791045;28279802406;32350238760;40713826215;42066224093;58636161082;67753284044;70447216891;77000578167;82528535714;85090301052;88000211172;94369350286;94450015983;88998706297;84335574582;88556698938;74143020263;83716142582;98963185510
Lower middle income;LMC;GDP (current US$);NY.GDP.MKTP.CD;1,18869E+12;1,20084E+12;1,26666E+12;1,43806E+12;1,65526E+12;1,90689E+12;2,23285E+12;2,73163E+12;3,02046E+12;3,1497E+12;3,79156E+12;4,23081E+12;4,47069E+12;4,72663E+12;5,10513E+12;5,09847E+12;5,31205E+12;5,75139E+12;6,00462E+12;6,30811E+12;6,11025E+12;6,92172E+12;7,37756E+12;7,53059E+12;7,85749E+12
Low & middle income;LMY;GDP (current US$);NY.GDP.MKTP.CD;5,67002E+12;5,68082E+12;5,79332E+12;6,48597E+12;7,61153E+12;8,98931E+12;1,05841E+13;1,29991E+13;1,54366E+13;1,54802E+13;1,88297E+13;2,21783E+13;2,35793E+13;2,50378E+13;2,62109E+13;2,54412E+13;2,56925E+13;2,80779E+13;2,99047E+13;3,06225E+13;2,96675E+13;3,49928E+13;3,67129E+13;3,78244E+13;3,92169E+13
Lesotho;LSO;GDP (current US$);NY.GDP.MKTP.CD;887291687,9;825706961,2;775777238,6;1157825435;1511236656;1682343527;1800092564;1682131785;1766902709;1740894965;2234754242;2579409620;2477702216;2367112932;2441063054;2359686725;2114426452;2306741672;2556247292;2390702296;2053699870;2412130022;2354980884;2117962430;2271541846
Late-demographic dividend;LTE;GDP (current US$);NY.GDP.MKTP.CD;3,42713E+12;3,54545E+12;3,76073E+12;4,28651E+12;5,15179E+12;6,21072E+12;7,49572E+12;9,44487E+12;1,17497E+13;1,13681E+13;1,36736E+13;1,66574E+13;1,78281E+13;1,92243E+13;1,99872E+13;1,87847E+13;1,88285E+13;2,08752E+13;2,28938E+13;2,33507E+13;2,28624E+13;2,72779E+13;2,85405E+13;2,89032E+13;2,99107E+13
Lithuania;LTU;GDP (current US$);NY.GDP.MKTP.CD;11550695727;12260761329;14282292665;18809197970;22743164431;26105207115;30116192747;39729151615;47831254208;37494380039;36638128534;43186501863;42709372067;46303660422;48306546657;41540954817;42970749245;47756764508;54261795149;55122066226;57412038533;67037321009;71033884500;79789877416;84869215513
Luxembourg;LUX;GDP (current US$);NY.GDP.MKTP.CD;21230182989;21387533703;23649833332;29667268248;35064843793;37672280120;42910146296;51587401416;58844277702;54467289898;56213985987;61696281326;59776383527;65203276467;68804811898;60071584216;62216885436;65712180343;71085623495;69872035114;73670782100;86386759695;80801680397;87574021092;93197329012
Latvia;LVA;GDP (current US$);NY.GDP.MKTP.CD;7761252607;8190888740;9249030241;11244337720;13827070379;16306935905;20434922247;29420499248;34135200994;25691530442;23468324572;26575547901;27116149949;29152128168;30277203767;26344565877;27117105060;29391059767;33247935477;33099503951;33379927435;38183326785;38014713596;42572151720;43520773851
Macao SAR, China;MAC;GDP (current US$);NY.GDP.MKTP.CD;6774193548;6860272608;7371692774;8246479566;10643253553;12160056122;14874098692;18439981612;21027018333;21587786906;28241798492;36845888757;43189721377;51536595089;54902831794;45048190598;45070808689;50383871121;55190661340;55082293844;25343525936;30969334705;24999113476;45803067940;50183212761
St. Martin (French part);MAF;GDP (current US$);NY.GDP.MKTP.CD;;;;;;;;;;;;775875857,9;;;772921756,3;;;;;652205849,4;;649206156,2;;;
Morocco;MAR;GDP (current US$);NY.GDP.MKTP.CD;43017455402;43831480208;47077192188;58029363354;66114145451;68852658069;75883823301;86947913287;1,01823E+11;1,01155E+11;1,00865E+11;1,10081E+11;1,06937E+11;1,15739E+11;1,19131E+11;1,10414E+11;1,11573E+11;1,18541E+11;1,27341E+11;1,2892E+11;1,21354E+11;1,42022E+11;1,30952E+11;1,44417E+11;1,54431E+11
Monaco;MCO;GDP (current US$);NY.GDP.MKTP.CD;2654462665;2673723034;2919647982;3597089751;4043551489;4204652899;4586826513;5875790766;6502942245;5474379252;5367561570;6088689808;5742749294;6555591710;7070017324;6264756528;6471290794;6430254653;7184333936;7383496254;6730736283;8623242743;8800430486;9995350547;
Moldova;MDA;GDP (current US$);NY.GDP.MKTP.CD;1288429392;1480673594;1661818168;1980907435;2598249556;2988342907;3408255451;4401173152;6054824248;5439434272;6974982370;8414352020;8709138635;9496717876;9402090138;7797667197;7980917076;9514404016;11252353421;11736797055;11530746234;13691869264;14525337524;16711906746;18200340854
Madagascar;MDG;GDP (current US$);NY.GDP.MKTP.CD;4629247204;5438332602;5351701663;6372498890;5064732626;5859269753;6395712491;8524620890;10725137724;9616879409;9982711338;11551819618;11578975062;12423555455;12522957399;11323020701;11848613858;13176313594;13760033282;14104664679;13051441204;14354731964;15325603273;15869945478;17420814801
Maldives;MDV;GDP (current US$);NY.GDP.MKTP.CD;624337145,3;870031676,8;897031250;1052121055;1226829563;1163362438;1575200391;1868383461;2271646188;2345294875;2588176055;2774350240;2886163997;3295009238;3697353039;4129505319;4409942624;4816426257;5404344163;5726094799;3712604583;5252457370;6177118114;6590894302;6975146349
Middle East, North Africa, Afghanistan & Pakistan;MEA;GDP (current US$);NY.GDP.MKTP.CD;1,09876E+12;1,09055E+12;1,08428E+12;1,20892E+12;1,42516E+12;1,69692E+12;1,98466E+12;2,34084E+12;2,88995E+12;2,60561E+12;3,03557E+12;3,65467E+12;3,94287E+12;3,90633E+12;3,9443E+12;3,54672E+12;3,5922E+12;3,76143E+12;4,02397E+12;3,98948E+12;3,56102E+12;4,27946E+12;4,99405E+12;4,83711E+12;5,02577E+12
Mexico;MEX;GDP (current US$);NY.GDP.MKTP.CD;7,42061E+11;7,96065E+11;8,10666E+11;7,6555E+11;8,19459E+11;9,17572E+11;1,02027E+12;1,10236E+12;1,16155E+12;9,43437E+11;1,10542E+12;1,22901E+12;1,25511E+12;1,32744E+12;1,36451E+12;1,21329E+12;1,11223E+12;1,19072E+12;1,2563E+12;1,30411E+12;1,12106E+12;1,31657E+12;1,46646E+12;1,7938E+12;1,85272E+12
Marshall Islands;MHL;GDP (current US$);NY.GDP.MKTP.CD;114838500;122406100;131960000;131128500;132900000;138000000;143200000;150500000;146600000;151200000;161100000;172300000;180700000;186400000;186000000;183700000;201800000;213700000;220000000;232900000;241800000;258900000;253400000;259300000;280357844,2
Middle income;MIC;GDP (current US$);NY.GDP.MKTP.CD;5,55588E+12;5,5729E+12;5,67413E+12;6,3527E+12;7,45412E+12;8,8E+12;1,03645E+13;1,27334E+13;1,51205E+13;1,51711E+13;1,84827E+13;2,17996E+13;2,32312E+13;2,46825E+13;2,58367E+13;2,5083E+13;2,53756E+13;2,77489E+13;2,95598E+13;3,02636E+13;2,93245E+13;3,46181E+13;3,62825E+13;3,73974E+13;3,87483E+13
North Macedonia;MKD;GDP (current US$);NY.GDP.MKTP.CD;3772859034;3709636031;4018365747;4946296599;5682784472;6258602873;6861226972;8336474974;9909552435;9401736825;9407170321;10494626768;9745261301;10817702346;11362265253;10064519963;10672467073;11307067070;12683068114;12606338449;12361036914;14000283827;13932436550;15763604288;16685236492
Mali;MLI;GDP (current US$);NY.GDP.MKTP.CD;2961484954;3468337942;3908121307;4714071980;7113132070;8009875052;8858863053;10289243720;12262134441;12592138109;13196527458;15506843902;14891957623;15769357573;16943434591;15583181170;16743796800;18308362040;20368015381;20477421885;20698560939;22999245263;22374051350;24621545565;26588067731
Malta;MLT;GDP (current US$);NY.GDP.MKTP.CD;4036809865;4070867153;4455127398;5418315225;6104141501;6393234965;6749838862;7908412374;9135419490;8734745632;9097044182;9789361705;9609532106;10796782634;11888032862;11340795033;12025782885;14161366733;16153779511;16337793531;16409900599;19723563355;19239187084;22210718401;24322006608
Myanmar;MMR;GDP (current US$);NY.GDP.MKTP.CD;8905066164;6477790688;6777632512;10467109978;10567354056;11986972419;14502553710;20182477481;31862554102;36906181381;49540813342;59977326086;59937796648;60269732855;65531374200;59607290408;63298361996;66053040483;67860515990;75065106228;79006113643;66345291160;62253049892;66757619000;74079772652
Middle East, North Africa, Afghanistan & Pakistan (excluding high income);MNA;GDP (current US$);NY.GDP.MKTP.CD;5,77555E+11;5,80414E+11;5,64912E+11;6,2472E+11;7,39741E+11;8,57125E+11;9,96469E+11;1,21E+12;1,46615E+12;1,41867E+12;1,62606E+12;1,90606E+12;2,05289E+12;1,93042E+12;1,91978E+12;1,78066E+12;1,82955E+12;1,85719E+12;1,86485E+12;1,81989E+12;1,64921E+12;1,9158E+12;2,1323E+12;2,03953E+12;2,15357E+12
Montenegro;MNE;GDP (current US$);NY.GDP.MKTP.CD;984293043,8;1159869246;1284685051;1707710053;2073234418;2257174481;2721903149;3680711744;4545674528;4159330370;4142983843;4544428421;4087526242;4465772400;4593853291;4054730078;4376930578;4856599481;5506942238;5542054181;4769996866;5861427505;6229801581;7530593375;8069536126
Mongolia;MNG;GDP (current US$);NY.GDP.MKTP.CD;1136896124;1267997934;1396555720;1595297356;1992066808;2523471601;3414055662;4234999704;5623216608;4583850368;7189481999;10409797378;12292770632;12582122604;12226514668;11619892591;11181350649;11480847741;13178094720;14206359018;13312981429;15286441738;17146471714;20325121394;23586055802
Northern Mariana Islands;MNP;GDP (current US$);NY.GDP.MKTP.CD;;;1284000000;1239000000;1210000000;1061000000;990000000;938000000;939000000;795000000;799000000;729000000;746000000;772000000;832000000;910000000;1230000000;1560000000;1301000000;1179000000;866000000;914000000;1096000000;;
Mozambique;MOZ;GDP (current US$);NY.GDP.MKTP.CD;5930685215;5650154067;5950769427;6583526861;7937255565;8868504900;9509835537;10811456006;12920340965;12263894790;11411894724;14619279989;16688114144;17198073057;17978246586;16208985770;12069051237;13264640646;15017358953;15512759047;14235420174;16168055475;18883528581;20954220984;22416650343
Mauritania;MRT;GDP (current US$);NY.GDP.MKTP.CD;1779520886;1746063558;1777057481;2051147607;2362501023;2936019526;3919577286;4346212355;5206437194;4714595548;5628878798;6764627746;6728208836;7223071097;6592537782;6166863897;6398747592;6800135898;7473550557;7894764886;8260752385;9222536364;9557966698;10651709314;10766731874
Mauritius;MUS;GDP (current US$);NY.GDP.MKTP.CD;4726108622;4675755867;4906494249;5894873920;6667418752;6576108447;7028810681;8150150209;9990356674;9128843109;10003670690;11518413430;11668696397;12292974141;13074129952;12007291046;12594155464;13713506131;14735695931;14436346980;11408106446;11484348858;12907767790;14101195733;14952555415
Malawi;MWI;GDP (current US$);NY.GDP.MKTP.CD;2537307580;2498008665;5087328438;4669789300;5058726350;5320409651;5818279739;6451210219;7743617352;9009887947;10128323011;11648142958;8773203178;8031571928;8801326169;9219474379;7909868618;8943543794;9879231592;11051865580;11769313598;12378129751;12429060151;12712150082;11008925323
Malaysia;MYS;GDP (current US$);NY.GDP.MKTP.CD;93789736842;92783947368;1,00846E+11;1,10202E+11;1,24749E+11;1,43534E+11;1,62692E+11;1,9355E+11;2,30812E+11;2,02257E+11;2,55018E+11;2,97952E+11;3,14443E+11;3,23276E+11;3,38066E+11;3,01355E+11;3,01256E+11;3,19109E+11;3,58789E+11;3,65178E+11;3,37456E+11;3,73785E+11;4,07606E+11;3,99705E+11;4,21972E+11
North America;NAC;GDP (current US$);NY.GDP.MKTP.CD;1,09992E+13;1,13246E+13;1,16937E+13;1,23562E+13;1,32484E+13;1,42172E+13;1,5141E+13;1,59498E+13;1,63298E+13;1,58593E+13;1,66729E+13;1,73994E+13;1,80887E+13;1,87337E+13;1,94203E+13;1,98582E+13;2,03398E+13;2,12685E+13;2,23891E+13;2,32911E+13;2,30167E+13;2,57108E+13;2,82052E+13;2,99026E+13;3,14351E+13
Namibia;NAM;GDP (current US$);NY.GDP.MKTP.CD;3922232165;3557341215;3349169826;4926439384;6609205995;7248374838;8001779551;8839536476;8607431497;8938847189;11431412421;12523359441;13042053592;12043307277;12435430970;11335161084;10722018732;12895153371;13682019076;12541928303;10583748542;12402486184;12569449123;12408271448;13372354269
New Caledonia;NCL;GDP (current US$);NY.GDP.MKTP.CD;3420032041;3297734891;3740056748;4915353827;5895008978;6238629487;6979155388;8819917180;9067619760;8704438102;9364350077;10351448005;9659151917;10151382933;10635035595;8738203074;8724568955;9174048682;9896402284;9475655325;9454629468;10071349664;9623318718;;
Niger;NER;GDP (current US$);NY.GDP.MKTP.CD;2241753193;2448714704;2782192879;3394084732;3760443738;4383315965;4756361252;5731485052;7297600226;7352131310;7851192502;8772950778;9426912648;10224897438;10862943544;9683867926;10398861982;11185104252;12837307497;12889555561;13744653103;14915002436;15433852714;16698786973;19537639288
Nigeria;NGA;GDP (current US$);NY.GDP.MKTP.CD;69171451627;73557840064;95054059303;1,04739E+11;1,35765E+11;1,75671E+11;2,38455E+11;2,78261E+11;3,39476E+11;2,95009E+11;3,6699E+11;4,14467E+11;4,63971E+11;5,20117E+11;5,74184E+11;4,93027E+11;4,04649E+11;3,75746E+11;4,21739E+11;4,74517E+11;4,32199E+11;4,40834E+11;4,77403E+11;3,63846E+11;1,8776E+11
Nicaragua;NIC;GDP (current US$);NY.GDP.MKTP.CD;5109587050;5351752034;5223727303;5322228351;5792932838;6321324279;6763672381;7423375015;8496967597;8298702489;8758602233;9774329333;10532017232;10982988249;11880438824;12756696261;13286093388;13785893007;13025221974;12699023614;12726422432;14209020362;15634572502;17805842284;19693982968
Netherlands;NLD;GDP (current US$);NY.GDP.MKTP.CD;4,17649E+11;4,32536E+11;4,7553E+11;5,82436E+11;6,61225E+11;6,88134E+11;7,37594E+11;8,53499E+11;9,57902E+11;8,78954E+11;8,52465E+11;9,13141E+11;8,45689E+11;8,83952E+11;9,01557E+11;7,75744E+11;7,97164E+11;8,48234E+11;9,29734E+11;9,28903E+11;9,32561E+11;1,05447E+12;1,04654E+12;1,15436E+12;1,22754E+12
Norway;NOR;GDP (current US$);NY.GDP.MKTP.CD;1,71457E+11;1,74239E+11;1,95915E+11;2,29385E+11;2,65269E+11;3,09979E+11;3,46915E+11;4,02643E+11;4,64918E+11;3,87976E+11;4,31052E+11;5,01361E+11;5,12777E+11;5,26014E+11;5,01736E+11;3,8816E+11;3,70957E+11;4,01745E+11;4,39789E+11;4,08743E+11;3,67633E+11;5,03368E+11;5,96298E+11;4,8295E+11;4,83727E+11
Nepal;NPL;GDP (current US$);NY.GDP.MKTP.CD;5494252208;6007055042;6050875807;6330473097;7273938315;8130258378;9043715356;10325618017;12545438605;12854985464;16002656434;21573872421;21703100877;22162204925;22731612922;24360801287;24524109484;28971588940;33111525237;34186180699;33433659301;36924841394;41182939601;41047772331;42914268287
Nauru;NRU;GDP (current US$);NY.GDP.MKTP.CD;26930980,34;22613287,54;21017423,61;24778159,58;30587565,8;30282840,19;29183626,71;23068623,46;37184925,33;44024969,95;47442299,26;65444173,78;100794924,7;94385014,94;98752257,05;84383388,64;97276023,08;108862278,5;130937589,8;124871111,4;124530027,3;175513984,5;152190818,9;151455967,7;160350639,5
New Zealand;NZL;GDP (current US$);NY.GDP.MKTP.CD;52623281957;53872425917;66627729311;88250885550;1,03905E+11;1,1472E+11;1,11539E+11;1,37189E+11;1,33437E+11;1,21663E+11;1,46888E+11;1,68485E+11;1,76561E+11;1,91012E+11;2,01518E+11;1,78224E+11;1,891E+11;2,06746E+11;2,11986E+11;2,13006E+11;2,1303E+11;2,53978E+11;2,4951E+11;2,55195E+11;2,60236E+11
OECD members;OED;GDP (current US$);NY.GDP.MKTP.CD;2,76822E+13;2,74297E+13;2,86189E+13;3,20102E+13;3,56391E+13;3,76929E+13;3,97743E+13;4,35464E+13;4,62433E+13;4,32687E+13;4,53857E+13;4,88336E+13;4,87701E+13;4,94655E+13;5,05006E+13;4,76374E+13;4,85614E+13;5,07137E+13;5,36338E+13;5,41815E+13;5,29998E+13;5,91931E+13;6,07443E+13;6,48035E+13;6,76871E+13
Oman;OMN;GDP (current US$);NY.GDP.MKTP.CD;22259557867;22205721717;23065539662;24733680104;28378933680;35506892068;42577633290;48300390117;69804681404;55454096229;64993498049;77497529259;87408842653;89936020806;92699089727;78710793238;75128738622;80856697009;91505851756;88060858257;75909492848;87323797139;1,09853E+11;1,05896E+11;1,06943E+11
Other small states;OSS;GDP (current US$);NY.GDP.MKTP.CD;47386053593;47583239917;52059958942;64731690262;76879108401;86069305520;95680975664;1,15087E+11;1,24837E+11;1,07679E+11;1,12558E+11;1,28567E+11;1,25563E+11;1,30753E+11;1,3509E+11;1,2114E+11;1,27727E+11;1,42823E+11;1,5752E+11;1,58082E+11;1,45642E+11;1,71466E+11;1,81572E+11;1,94578E+11;2,0579E+11
Pakistan;PAK;GDP (current US$);NY.GDP.MKTP.CD;99484802345;97145618480;97923302809;1,12372E+11;1,32216E+11;1,45209E+11;1,61871E+11;1,84141E+11;2,02204E+11;1,87338E+11;1,9671E+11;2,30587E+11;2,50107E+11;2,58657E+11;2,7139E+11;2,99964E+11;3,1363E+11;3,39206E+11;3,56128E+11;3,20909E+11;3,00426E+11;3,48517E+11;3,7489E+11;3,37886E+11;3,73072E+11
Panama;PAN;GDP (current US$);NY.GDP.MKTP.CD;11966497000;12252906300;12800851300;13603456000;15100203400;16623906700;18659721500;21717433800;25721328000;27791215500;30231009500;35687738300;41595439700;46949496500;51427104900;55767806100;59760858700;64327688800;67316471200;69778991200;57059846500;67396392500;76276116700;83318176900;86260400000
Peru;PER;GDP (current US$);NY.GDP.MKTP.CD;51744749133;52030158775;54777553515;58731030122;66768703498;76060606061;88643193062;1,02171E+11;1,20551E+11;1,20823E+11;1,47528E+11;1,71762E+11;1,9265E+11;2,01176E+11;2,00786E+11;1,89803E+11;1,91898E+11;2,11008E+11;2,22597E+11;2,28346E+11;2,0141E+11;2,26329E+11;2,46066E+11;2,66959E+11;2,89222E+11
Philippines;PHL;GDP (current US$);NY.GDP.MKTP.CD;83669788377;78921234458;84307345888;87039092974;95001999685;1,0742E+11;1,27653E+11;1,5598E+11;1,81625E+11;1,75975E+11;2,08369E+11;2,34217E+11;2,61921E+11;2,83903E+11;2,97484E+11;3,06446E+11;3,18627E+11;3,28481E+11;3,46842E+11;3,76823E+11;3,61751E+11;3,94087E+11;4,04353E+11;4,37056E+11;4,61618E+11
Palau;PLW;GDP (current US$);NY.GDP.MKTP.CD;149535800;159453500;162665500;154559900;166391600;191048400;193679700;200903600;201167300;189998000;188174300;198873900;215762400;225345700;243156500;278824800;298323500;285600000;288546300;281941600;258990800;235752900;255591100;281849100;
Papua New Guinea;PNG;GDP (current US$);NY.GDP.MKTP.CD;3521339699;3081024212;2999511040;3536411824;3927157867;4865892972;8354911041;9545028944;11670892801;11619456449;14250786675;17985138066;21295168666;21261338065;23210823987;21723437010;20758876953;22742699138;24109780708;24750626030;23848447850;26109413521;31653185953;30816367067;32538480024
Poland;POL;GDP (current US$);NY.GDP.MKTP.CD;1,72954E+11;1,91823E+11;1,99694E+11;2,18561E+11;2,56269E+11;3,07E+11;3,45898E+11;4,29715E+11;5,35612E+11;4,40891E+11;4,78112E+11;5,27849E+11;4,98149E+11;5,1818E+11;5,42134E+11;4,80054E+11;4,7326E+11;5,28357E+11;5,94617E+11;6,02684E+11;6,05914E+11;6,8917E+11;6,95608E+11;8,12451E+11;9,14696E+11
Pre-demographic dividend;PRE;GDP (current US$);NY.GDP.MKTP.CD;2,82713E+11;2,68985E+11;3,09384E+11;3,37059E+11;4,21462E+11;5,26661E+11;6,61876E+11;7,99345E+11;9,96373E+11;9,03655E+11;1,05517E+12;1,22265E+12;1,33006E+12;1,45787E+12;1,54418E+12;1,31362E+12;1,17025E+12;1,22229E+12;1,36263E+12;1,43572E+12;1,31889E+12;1,44797E+12;1,6585E+12;1,52712E+12;1,4269E+12
Puerto Rico (US);PRI;GDP (current US$);NY.GDP.MKTP.CD;61701800000;69208400000;71623500000;74827400000;80322313000;83914521300;87276164400;89524131600;93639300000;96385600000;98381300000;1,00352E+11;1,01565E+11;1,0245E+11;1,02446E+11;1,03376E+11;1,04337E+11;1,03446E+11;1,00958E+11;1,05126E+11;1,03131E+11;1,06427E+11;1,13844E+11;1,18375E+11;1,25842E+11
Korea, Dem. People's Rep.;PRK;GDP (current US$);NY.GDP.MKTP.CD;;;;;;;;;;;;;;;;;;;;;;;;;
Portugal;PRT;GDP (current US$);NY.GDP.MKTP.CD;1,18605E+11;1,21604E+11;1,34796E+11;1,65226E+11;1,89382E+11;1,97254E+11;2,08756E+11;2,40496E+11;2,63416E+11;2,44668E+11;2,38444E+11;2,45427E+11;2,16537E+11;2,26677E+11;2,30079E+11;1,99039E+11;2,06305E+11;2,20863E+11;2,42093E+11;2,40116E+11;2,29619E+11;2,56056E+11;2,56899E+11;2,89697E+11;3,08683E+11
Paraguay;PRY;GDP (current US$);NY.GDP.MKTP.CD;8855705140;8495806432;7196260657;7691367471;9624440836;10737500188;13429430050;17856393235;24615267664;22355151162;27260886405;33756238767;33271921136;38501122141;40377929296;36211447840;36089700223;38997129474;40225448341;37925338329;35432178068;39950899939;41952910858;43118053175;44458118400
West Bank and Gaza;PSE;GDP (current US$);NY.GDP.MKTP.CD;4313600000;4003700000;3555800000;3968000000;4603100000;5125700000;5348300000;5815700000;7310400000;8085700000;9681500000;11186100000;12208400000;13515500000;13989700000;13972400000;15405400000;16128000000;16276600000;17133500000;15531700000;18109000000;19165500000;17847900000;13711100000
Pacific island small states;PSS;GDP (current US$);NY.GDP.MKTP.CD;3448150248;3391833623;3556381467;4239895600;4876586177;5413211543;5681297201;6259933142;6702775212;6042762282;6647706154;7755256902;8219768409;8547552414;9290184861;9103468778;9548954060;10283449683;10792820189;10712120597;9515415338;9581825674;10328388317;11168877227;11977251414
Post-demographic dividend;PST;GDP (current US$);NY.GDP.MKTP.CD;2,64104E+13;2,61571E+13;2,72851E+13;3,05954E+13;3,40004E+13;3,5786E+13;3,76598E+13;4,11054E+13;4,35451E+13;4,10087E+13;4,27716E+13;4,5955E+13;4,58683E+13;4,63693E+13;4,73116E+13;4,47584E+13;4,57854E+13;4,77564E+13;5,05992E+13;5,11352E+13;5,01403E+13;5,58551E+13;5,71287E+13;6,05388E+13;6,30406E+13
French Polynesia;PYF;GDP (current US$);NY.GDP.MKTP.CD;3599845480;3573808556;3965405553;4927780607;5564109982;5705052135;5877997980;6631156406;7136741422;6584557974;6086644799;6203940037;5692858099;6031827123;6151996561;5325846362;5497036477;5833352693;6135116253;6022276196;5574821989;6150640646;5814661209;6402221222;
Qatar;QAT;GDP (current US$);NY.GDP.MKTP.CD;17759890110;17538461538;19363736264;23533791209;31734065934;44530494505;60882142857;79712087912;1,1527E+11;97798351648;1,25122E+11;1,67775E+11;1,86834E+11;1,98728E+11;2,06225E+11;1,6174E+11;1,51732E+11;1,61099E+11;1,83335E+11;1,76371E+11;1,44411E+11;1,79732E+11;2,35709E+11;2,13003E+11;2,17983E+11
Romania;ROU;GDP (current US$);NY.GDP.MKTP.CD;37253739511;40395116581;46065502703;57806384143;74973656852;98454380120;1,22024E+11;1,74589E+11;2,14316E+11;1,74111E+11;1,70064E+11;1,92624E+11;1,79117E+11;1,89799E+11;1,99722E+11;1,77885E+11;1,85291E+11;2,10147E+11;2,43469E+11;2,51677E+11;2,52034E+11;2,86578E+11;2,96354E+11;3,50776E+11;3,82768E+11
Russian Federation;RUS;GDP (current US$);NY.GDP.MKTP.CD;2,5971E+11;3,06602E+11;3,4547E+11;4,30347E+11;5,91017E+11;7,64016E+11;9,89932E+11;1,2997E+12;1,66085E+12;1,22265E+12;1,52492E+12;2,04592E+12;2,20829E+12;2,29247E+12;2,05924E+12;1,36348E+12;1,27679E+12;1,5742E+12;1,65733E+12;1,69312E+12;1,49308E+12;1,82919E+12;2,29161E+12;2,07151E+12;2,17384E+12
Rwanda;RWA;GDP (current US$);NY.GDP.MKTP.CD;2068836754;1966600715;1966003468;2138237279;2376496067;2933819766;3319784539;4070507895;5179854065;5674476969;6124756654;6884913658;7654761045;7819964024;8238966120;8543760206;8695272061;9252833894;9637904519;10349300277;10174386855;11078787095;13316161006;14331722700;14251642231
South Asia;SAS;GDP (current US$);NY.GDP.MKTP.CD;5,44675E+11;5,62554E+11;5,93707E+11;6,94776E+11;8,0416E+11;9,2442E+11;1,0519E+12;1,34215E+12;1,34738E+12;1,50296E+12;1,86983E+12;2,04574E+12;2,05796E+12;2,11112E+12;2,32306E+12;2,4145E+12;2,67931E+12;3,07596E+12;3,15984E+12;3,31848E+12;3,17277E+12;3,71705E+12;3,93064E+12;4,21028E+12;4,51492E+12
Saudi Arabia;SAU;GDP (current US$);NY.GDP.MKTP.CD;1,89515E+11;1,84138E+11;1,89606E+11;2,15808E+11;2,58742E+11;3,2846E+11;3,769E+11;4,15965E+11;5,19797E+11;4,29098E+11;5,28207E+11;6,80661E+11;7,51921E+11;7,69756E+11;7,87153E+11;6,93414E+11;6,89279E+11;7,41266E+11;8,86565E+11;8,8889E+11;7,67951E+11;9,82661E+11;1,23908E+12;1,21858E+12;1,23753E+12
Sudan;SDN;GDP (current US$);NY.GDP.MKTP.CD;12257299147;15716361792;18137128388;21355298460;26646007251;35182711988;45263831634;59440139775;64833083257;51621044077;58962978034;55018567211;37632919967;43024018082;49516748618;51726758677;42630376000;41283617976;32333780383;32338079165;27034593750;34229513775;51666875363;39898289821;49909807030
Senegal;SEN;GDP (current US$);NY.GDP.MKTP.CD;6013185004;6507824829;7006402320;8768721563;10076816667;11009033438;11697918243;13994218413;16853989628;16145867495;16121315909;17814283639;17660870412;18918667725;19797253440;17774766696;19040312333;20996562944;23116701556;23403995992;24530513038;27520784130;27783332223;30696331296;32267254425
Singapore;SGP;GDP (current US$);NY.GDP.MKTP.CD;96076539926;89793790670;92538372870;97646401096;1,15034E+11;1,27808E+11;1,48627E+11;1,80942E+11;1,93617E+11;1,9415E+11;2,39808E+11;2,79356E+11;2,95093E+11;3,07576E+11;3,14864E+11;3,07999E+11;3,19646E+11;3,43673E+11;3,77124E+11;3,76162E+11;3,49166E+11;4,36591E+11;5,09018E+11;5,0544E+11;5,47387E+11
Solomon Islands;SLB;GDP (current US$);NY.GDP.MKTP.CD;419842674,2;409508553;346406738,9;417668983,4;468005318,6;552864570,2;617258154,3;695295347,6;776337691,8;805557562,6;898133684,9;1063895361;1185215418;1285911586;1335571421;1307909888;1379490304;1469789119;1615478393;1619155017;1536145814;1522794913;1566360686;1660896531;1760767447
Sierra Leone;SLE;GDP (current US$);NY.GDP.MKTP.CD;635866403,8;1681473894;1933863911;2142618046;2237350687;2545275313;3263697467;3632957611;4157895298;3953403098;4262805967;4861632885;6141666509;7502762863;7686138791;6788352975;6084297211;5749846528;6390514689;6526183564;6693888876;7173379137;7124465160;6411787856;7547843281
El Salvador;SLV;GDP (current US$);NY.GDP.MKTP.CD;11784927700;12282533600;12664190300;13243892200;13724810900;14698000000;15999890000;17011750000;17986890000;17601620000;18447920000;20283780000;21386150000;21990960000;22593470000;23438240000;24191430000;24979190000;26020850000;26881140000;24921190000;29043140000;31870120000;33853940000;35364960000
San Marino;SMR;GDP (current US$);NY.GDP.MKTP.CD;1007661367;1059529812;1148872072;1462590267;1715340543;1786514058;1909765165;2188654628;2403213305;2064277126;1881191925;1813717439;1604701299;1678741475;1673911426;1419401071;1468343140;1528620346;1655353653;1616232125;1544714493;1855396000;1831700577;;
Somalia, Fed. Rep.;SOM;GDP (current US$);NY.GDP.MKTP.CD;3412797450;2252847465;2192684135;2836724352;3859592813;4683246454;5026743282;5430713729;5913620293;2948594552;2687807004;2906000097;4364670160;5062881600;5728399720;6152149100;6613743070;7621501710;7873440830;8655023960;8628393720;9483997390;10202767270;10968517090;12108515110
Serbia;SRB;GDP (current US$);NY.GDP.MKTP.CD;7326373882;13599378662;17930583571;23593044418;26845632342;28334256181;33298057362;44888028946;54220641202;46955984410;43536629233;51251098408;45103269969;50455529604;49114321280;41297410635;42225495910;45972834714;52787520249;53864693665;55874017669;66159884073;66797564758;81342660752;89083506277
Sub-Saharan Africa (excluding high income);SSA;GDP (current US$);NY.GDP.MKTP.CD;4,19427E+11;4,01467E+11;4,38208E+11;5,53227E+11;6,89163E+11;8,19297E+11;9,65918E+11;1,11565E+12;1,26052E+12;1,19767E+12;1,42477E+12;1,60361E+12;1,65673E+12;1,75766E+12;1,82568E+12;1,61031E+12;1,45312E+12;1,58363E+12;1,70408E+12;1,74525E+12;1,62166E+12;1,83097E+12;1,95649E+12;1,82574E+12;1,74553E+12
South Sudan;SSD;GDP (current US$);NY.GDP.MKTP.CD;;;;;;;;;14586253383;12231264525;14602072411;14907308933;11931472169;18426469017;13962212847;11997800760;;;;;;;;;
Sub-Saharan Africa;SSF;GDP (current US$);NY.GDP.MKTP.CD;4,28319E+11;4,1036E+11;4,46788E+11;5,62568E+11;7,00138E+11;8,3262E+11;9,82222E+11;1,13639E+12;1,28856E+12;1,23096E+12;1,45569E+12;1,63663E+12;1,70113E+12;1,80664E+12;1,88268E+12;1,67633E+12;1,52899E+12;1,66708E+12;1,79013E+12;1,84304E+12;1,7307E+12;1,94372E+12;2,08528E+12;1,94625E+12;1,86083E+12
Small states;SST;GDP (current US$);NY.GDP.MKTP.CD;76460508667;77480489516;83359125285;99561595018;1,15354E+11;1,29707E+11;1,45689E+11;1,71088E+11;1,88837E+11;1,61636E+11;1,71769E+11;1,92825E+11;1,93712E+11;2,01057E+11;2,082E+11;1,92379E+11;1,95005E+11;2,12648E+11;2,29206E+11;2,30724E+11;2,08338E+11;2,43009E+11;2,69955E+11;2,8519E+11;3,09362E+11
Sao Tome and Principe;STP;GDP (current US$);NY.GDP.MKTP.CD;76198394,82;75951133,38;85171073,88;102085769,1;114582283,9;136450662,4;142775104,1;149146918,9;188021165;200668065;190021192,5;226455001,2;229371348,2;267041747,6;293119143,2;259999643;292267272,2;322002845,2;383717327,8;412976082,6;471229484,6;524402455,5;540809499,2;678976264,8;764274042,7
Suriname;SUR;GDP (current US$);NY.GDP.MKTP.CD;947671969,7;834279357,8;1093574468;1274190311;1484092538;1793410397;2626380435;2936612022;3532969035;3875409836;4368370998;4422276622;4980000000;5145757576;5240606061;5126237646;3317421648;3591679431;3996198867;4016040575;2911807496;3107923198;3791603200;3455146281;4714267822
Slovak Republic;SVK;GDP (current US$);NY.GDP.MKTP.CD;29215726005;30726659551;35243658399;46616149117;57215475076;62547753148;70751813443;86587749518;1,0083E+11;89342984698;91112160801;99705104723;94724394278;99134277850;1,01713E+11;89178548717;90347173229;95978130735;1,06612E+11;1,05843E+11;1,07733E+11;1,20561E+11;1,15884E+11;1,33897E+11;1,41776E+11
Slovenia;SVN;GDP (current US$);NY.GDP.MKTP.CD;20159190702;20668868707;23214593516;29360575032;34156553313;35947936824;39260368837;47880266543;55509332322;49975540955;47793117241;51199194599;46167053954;47867056859;49514466380;42709468275;44290685824;48153200135;53689067640;53909922736;53384760135;61529280461;59927702746;69148468417;72485008929
Sweden;SWE;GDP (current US$);NY.GDP.MKTP.CD;2,62905E+11;2,42499E+11;2,67373E+11;3,34074E+11;3,84547E+11;3,9169E+11;4,2253E+11;4,9005E+11;5,14617E+11;4,34314E+11;4,92753E+11;5,70541E+11;5,49742E+11;5,84128E+11;5,7773E+11;5,01698E+11;5,14218E+11;5,36084E+11;5,51312E+11;5,32169E+11;5,45148E+11;6,37187E+11;5,79896E+11;5,8549E+11;6,10118E+11
Eswatini;SWZ;GDP (current US$);NY.GDP.MKTP.CD;1738093840;1542477309;1432221739;2197598466;2770082792;3178112499;3291330019;3469381231;3294084314;3580428053;4438765086;4820478680;4886551484;4464726181;4286015248;3909281650;3724180911;4463673661;4644696656;4616996145;4120621325;4785708166;4741163885;4604172127;4891883720
Sint Maarten (Dutch part);SXM;GDP (current US$);NY.GDP.MKTP.CD;;;;;;;;;;854972067;892290502,8;936089385,5;985865921,8;1022905028;1361811508;1417888715;1427017207;1353212123;1259200447;1407880447;1236428101;1353071061;1537088715;1627776949;1735210228
Seychelles;SYC;GDP (current US$);NY.GDP.MKTP.CD;654212394,3;662064155,9;742134837,5;750847230,1;893012218,2;977899381,8;1081441283;1077308814;979597394,3;850901620,4;981616542,3;1058918707;1089407839;1333160407;1387577870;1432403352;1568513348;1675370641;1784313927;1868690097;1382551752;1487173795;2018346589;2187379755;2167239562
Syrian Arab Republic;SYR;GDP (current US$);NY.GDP.MKTP.CD;18937052543;20237024725;20669357462;21828144686;25086950495;28858965517;33751788856;40465318382;52557913569;54111735629;61390830875;67539428159;43190318033;21361254635;21502061466;16466863117;12597854877;16369843352;21497782868;22583045060;12047752036;14353205678;23622827080;19993439950;
Turks and Caicos Islands;TCA;GDP (current US$);NY.GDP.MKTP.CD;;358744800;366707900;409753600;485598800;578645800;721891500;773490000;862684000;703176000;686788000;728790000;727161000;754238000;841700000;942070000;1032452000;1022365000;1314329000;1371838000;918387000;1236459000;1434119000;1638653000;1745378000
Chad;TCD;GDP (current US$);NY.GDP.MKTP.CD;1388506772;1710843377;1997005709;2742815072;4422855661;8655892393;9709626596;10865385132;13385593990;12317614054;14058506664;16685349674;17892228570;17865316886;18144336904;14559599500;13026289836;13349041409;15327000249;14905517743;14932897821;16871937698;17828508290;19107685021;20625711665
East Asia & Pacific (IDA & IBRD countries);TEA;GDP (current US$);NY.GDP.MKTP.CD;1,7466E+12;1,86078E+12;2,06146E+12;2,33515E+12;2,70916E+12;3,13638E+12;3,77876E+12;4,78128E+12;6,05465E+12;6,57333E+12;7,9988E+12;9,76226E+12;1,0892E+13;1,20327E+13;1,29887E+13;1,35323E+13;1,38271E+13;1,5097E+13;1,68813E+13;1,74818E+13;1,77834E+13;2,12053E+13;2,1537E+13;2,16174E+13;2,22334E+13
Europe & Central Asia (IDA & IBRD countries);TEC;GDP (current US$);NY.GDP.MKTP.CD;8,95838E+11;9,11239E+11;1,0243E+12;1,26022E+12;1,63008E+12;2,04099E+12;2,46869E+12;3,17523E+12;3,9312E+12;3,11722E+12;3,66227E+12;4,45586E+12;4,65164E+12;4,92049E+12;4,64963E+12;3,63256E+12;3,49098E+12;3,92282E+12;4,09151E+12;4,17589E+12;3,91668E+12;4,6287E+12;5,26328E+12;5,55626E+12;6,09788E+12
Togo;TGO;GDP (current US$);NY.GDP.MKTP.CD;2106848752;2093498674;2410199032;2987984051;3191561509;3221910408;3320907722;3759964943;4578849658;4721890900;4746389532;5422442166;5413544658;6021732977;6393318262;5755461035;6071170959;6387422518;7029300383;6992700101;7400284168;8342243646;8169476149;9171261838;9925732120
Thailand;THA;GDP (current US$);NY.GDP.MKTP.CD;1,26392E+11;1,20296E+11;1,34301E+11;1,52281E+11;1,72896E+11;1,89318E+11;2,21758E+11;2,62943E+11;2,91383E+11;2,81711E+11;3,41105E+11;3,70819E+11;3,97558E+11;4,20334E+11;4,07339E+11;4,01296E+11;4,13366E+11;4,56357E+11;5,06754E+11;5,43977E+11;5,00462E+11;5,06195E+11;4,95645E+11;5,15906E+11;5,26411E+11
Tajikistan;TJK;GDP (current US$);NY.GDP.MKTP.CD;860541842,3;1080772551;1221106220;1555318261;2076176869;2312352021;2830213849;3719524541;5161299725;4979472364;5642221099;6522756255;7633036903;8448411318;9112605459;8271431485;6992416097;7536402853;7764999999;8300813599;8133963551;8937805347;10713525200;12244169293;14204575549
Turkmenistan;TKM;GDP (current US$);NY.GDP.MKTP.CD;2904663311;3534772732;4462029109;5977440583;6838351088;8103901996;10276674365;12664165103;19271523179;20214385965;22583157895;29233333333;35164210526;39197543860;43524210526;35799714286;36169428571;37926285714;40765428571;45232857143;45818000000;50007428571;58972000000;60628857143;64239891739
Latin America & the Caribbean (IDA & IBRD countries);TLA;GDP (current US$);NY.GDP.MKTP.CD;2,21446E+12;2,16136E+12;1,92732E+12;1,96052E+12;2,26488E+12;2,752E+12;3,23493E+12;3,82696E+12;4,46581E+12;4,17679E+12;5,21213E+12;5,9419E+12;6,00745E+12;6,15639E+12;6,27267E+12;5,19682E+12;5,05594E+12;5,6336E+12;5,5054E+12;5,41339E+12;4,56176E+12;5,31331E+12;6,04847E+12;6,805E+12;6,97749E+12
Timor-Leste;TLS;GDP (current US$);NY.GDP.MKTP.CD;366924300;477443500;469455500;490439100;440772000;462268000;453792400;542795400;648523600;726937800;881909300;1042534600;1160555000;1395727400;1447535200;1590282400;1640464600;1584878400;1555988614;2032550389;2162619241;3624889673;3208593982;2079916909;1881265333
Middle East, North Africa, Afghanistan & Pakistan (IDA & IBRD);TMN;GDP (current US$);NY.GDP.MKTP.CD;5,73242E+11;5,7641E+11;5,61356E+11;6,20752E+11;7,35138E+11;8,51999E+11;9,91121E+11;1,20418E+12;1,45884E+12;1,41058E+12;1,61638E+12;1,89487E+12;2,04068E+12;1,91691E+12;1,9058E+12;1,76669E+12;1,81414E+12;1,84106E+12;1,84858E+12;1,80275E+12;1,63368E+12;1,89769E+12;2,11313E+12;2,02168E+12;2,13986E+12
Tonga;TON;GDP (current US$);NY.GDP.MKTP.CD;204848487,8;181117230,4;182764280,8;202246591,2;230678011,4;261823805,4;292232703,3;298519623,3;344438844,3;312415028,4;366887375;414143828,5;471122971,3;451788498,3;440997734,9;437525538,9;420828254,5;459976847,1;489714529,8;494197854;496856303,9;518228028,7;518180029,4;508735107;
South Asia (IDA & IBRD);TSA;GDP (current US$);NY.GDP.MKTP.CD;5,44675E+11;5,62554E+11;5,93707E+11;6,94776E+11;8,0416E+11;9,2442E+11;1,0519E+12;1,34215E+12;1,34738E+12;1,50296E+12;1,86983E+12;2,04574E+12;2,05796E+12;2,11112E+12;2,32306E+12;2,4145E+12;2,67931E+12;3,07596E+12;3,15984E+12;3,31848E+12;3,17277E+12;3,71705E+12;3,93064E+12;4,21028E+12;4,51492E+12
Sub-Saharan Africa (IDA & IBRD countries);TSS;GDP (current US$);NY.GDP.MKTP.CD;4,28319E+11;4,1036E+11;4,46788E+11;5,62568E+11;7,00138E+11;8,3262E+11;9,82222E+11;1,13639E+12;1,28856E+12;1,23096E+12;1,45569E+12;1,63663E+12;1,70113E+12;1,80664E+12;1,88268E+12;1,67633E+12;1,52899E+12;1,66708E+12;1,79013E+12;1,84304E+12;1,7307E+12;1,94372E+12;2,08528E+12;1,94625E+12;1,86083E+12
Trinidad and Tobago;TTO;GDP (current US$);NY.GDP.MKTP.CD;8154342116;8824849191;9008298229;11305459802;13280291990;15982389018;18369361094;21641620050;27871587350;19172165226;22157920592;25433007437;27147349937;28560536917;29474180442;26841143095;23624333664;23847765529;23888910152;23588037787;20991339707;24177305760;28510328245;25489373405;26428963758
Tunisia;TUN;GDP (current US$);NY.GDP.MKTP.CD;21473528161;22065832449;23141616605;27453902261;31183885241;32272186695;34376664601;38915353867;44859439902;43455740497;46206091938;48123325825;47311401813;48685446414;50271812921;45779494042;44360072680;42163530591;42686504460;41905642419;42491780918;47073234359;44948769171;48196281784;53409988745
Turkiye;TUR;GDP (current US$);NY.GDP.MKTP.CD;2,74295E+11;2,01753E+11;2,40249E+11;3,14596E+11;4,08865E+11;5,06315E+11;5,57076E+11;6,81321E+11;7,70449E+11;6,49289E+11;7,76967E+11;8,38785E+11;8,80556E+11;9,57799E+11;9,38935E+11;8,64314E+11;8,69683E+11;8,58988E+11;7,78972E+11;7,61006E+11;7,20338E+11;8,19865E+11;9,07118E+11;1,11825E+12;1,32325E+12
Tuvalu;TUV;GDP (current US$);NY.GDP.MKTP.CD;15073975,53;13964732,33;16842672,6;19456338,03;22798274,98;22909979,82;24096875,46;28450168,69;31874434,86;28076983,97;32105408,48;39196957,49;39345579,47;38615890,63;38760982,65;36811936,08;41629064,22;45276595,35;48015259,88;54123198,57;51746594,31;60196405,71;59065982,09;62280311,59;
Tanzania;TZA;GDP (current US$);NY.GDP.MKTP.CD;13371767082;13563990022;14129651896;15211487709;16673062473;18395383647;18619859795;21860434823;27947821398;29400573554;32012892919;34657140096;39650394363;45648857242;49986726461;47413919817;49774409374;53274884533;57003712892;61026731926;66068737786;70655628148;75769974505;79062403837;78779864877
Uganda;UGA;GDP (current US$);NY.GDP.MKTP.CD;6193246837;5840503869;6178563591;6606884275;7939487548;9239221763;9977647683;11902564495;14440404132;25127805567;26673441431;27871725241;27305915911;28915786517;32612397257;32387183730;29203988696;30744473841;32927025620;35353061008;37600368240;40529788744;45565333216;48768955859;53651874314
Ukraine;UKR;GDP (current US$);NY.GDP.MKTP.CD;32375083935;39309580983;43956163612;52010355753;67220154164;89238865119;1,11885E+11;1,48734E+11;1,8811E+11;1,21552E+11;1,41209E+11;1,69334E+11;1,82592E+11;1,90499E+11;1,33504E+11;91030967789;93355869404;1,12091E+11;1,30891E+11;1,53883E+11;1,56618E+11;1,99766E+11;1,6199E+11;1,81222E+11;1,90741E+11
Upper middle income;UMC;GDP (current US$);NY.GDP.MKTP.CD;4,36716E+12;4,37202E+12;4,40741E+12;4,91456E+12;5,79879E+12;6,89305E+12;8,13154E+12;1,00017E+13;1,21E+13;1,20214E+13;1,46912E+13;1,75688E+13;1,87605E+13;1,99559E+13;2,07316E+13;1,99846E+13;2,00635E+13;2,19975E+13;2,35552E+13;2,39555E+13;2,32142E+13;2,76978E+13;2,89058E+13;2,98681E+13;3,08918E+13
Uruguay;URY;GDP (current US$);NY.GDP.MKTP.CD;22823270892;20898761742;13606515723;12045638352;13686329890;17362857684;19741420740;23797773024;31119602539;32708319078;41950361212;50342406067;54232266359;61337621934;61496186974;57680327999;57480787465;65005997963;65344577416;62222313619;53559359262;60739084241;70594110920;77991666838;80961511074
United States;USA;GDP (current US$);NY.GDP.MKTP.CD;1,0251E+13;1,05819E+13;1,09291E+13;1,14565E+13;1,22172E+13;1,30392E+13;1,38156E+13;1,44742E+13;1,47699E+13;1,44781E+13;1,5049E+13;1,55997E+13;1,6254E+13;1,68807E+13;1,76081E+13;1,8295E+13;1,88049E+13;1,96121E+13;2,06565E+13;2,154E+13;2,13541E+13;2,36812E+13;2,60069E+13;2,77207E+13;2,91849E+13
Uzbekistan;UZB;GDP (current US$);NY.GDP.MKTP.CD;13760513969;11401421329;9687788513;10134453435;12030023548;14307509839;17330833853;22311393928;29549438884;33689223673;49765676402;60178909297;67517349212;73180037915;80845385809;86196264755;86138288644;69703222283;58695899092;67293639798;66443265418;77340060003;90095926567;1,02642E+11;1,14965E+11
St. Vincent and the Grenadines;VCT;GDP (current US$);NY.GDP.MKTP.CD;427946037;462072333,3;487763851,9;509090888,9;549900185,2;579948925,9;643501148,1;713596666,7;732663259,3;714300259,3;720447888,9;713796370,4;730032592,6;764781259,3;770900000;786555555,6;814303703,7;844040740,7;884329629,6;910481481,5;864566666,7;888677777,8;989188888,9;1072237037;1157207407
Venezuela, RB;VEN;GDP (current US$);NY.GDP.MKTP.CD;1,17146E+11;1,22911E+11;92893587734;83620628582;1,12451E+11;1,45513E+11;1,83478E+11;2,30364E+11;3,15953E+11;3,29788E+11;3,93192E+11;3,16482E+11;3,81286E+11;3,71005E+11;4,82359E+11;;;;;;;;;;
British Virgin Islands;VGB;GDP (current US$);NY.GDP.MKTP.CD;;;;;;;;;;;;;;;;;;;;;;;;;
Virgin Islands (U.S.);VIR;GDP (current US$);NY.GDP.MKTP.CD;;;3262000000;3443000000;3797000000;4428000000;4484000000;4784000000;4244000000;4201000000;4324000000;4223000000;4089000000;3738000000;3565000000;3663000000;3798000000;3794000000;3923000000;4121000000;4229000000;4507000000;4672000000;;
Viet Nam;VNM;GDP (current US$);NY.GDP.MKTP.CD;31172518403;32685198809;35064105501;39552513232;45427854693;57633255738;66371664817;77414425532;99130304099;1,06015E+11;1,47201E+11;1,72595E+11;1,95591E+11;2,13709E+11;2,33451E+11;2,39258E+11;2,57096E+11;2,81354E+11;3,10106E+11;3,34365E+11;3,46616E+11;3,66475E+11;4,13445E+11;4,33858E+11;4,76388E+11
Vanuatu;VUT;GDP (current US$);NY.GDP.MKTP.CD;272014627,8;257926881,7;262596535,5;314471413;364996869,1;394962433;439358586,5;516392922,5;590748429,4;592622319,1;670712979,7;770153588,2;747839697,7;758304466,2;773717010,5;759690181;804323576,9;880043284,4;914727908,1;936526267,6;909421043,5;982362211,9;1030654208;1126313359;1161251868
World;WLD;GDP (current US$);NY.GDP.MKTP.CD;3,38687E+13;3,36623E+13;3,49599E+13;3,92056E+13;4,41819E+13;4,78476E+13;5,18597E+13;5,84486E+13;6,42323E+13;6,09092E+13;6,67221E+13;7,4213E+13;7,5866E+13;7,80701E+13;8,02474E+13;7,57236E+13;7,69573E+13;8,19748E+13;8,7189E+13;8,84924E+13;8,61166E+13;9,83657E+13;1,02435E+14;1,06939E+14;1,11253E+14
Samoa;WSM;GDP (current US$);NY.GDP.MKTP.CD;258856139,8;266299591,5;281790134,2;333426188,4;407747565,1;476801793,2;499923757,8;573548459,8;641346191,7;628006115,4;680260907,2;744097050,2;773141661,2;797736334,3;796683519,6;824150498,7;843924796,7;884844384,5;878448433,4;912950466,1;868898358,3;843923638,7;832945205,6;938189443,8;1068025244
Kosovo;XKX;GDP (current US$);NY.GDP.MKTP.CD;;;;;;;;;5181776769;5015894693;5343950556;6341613610;6163484245;6735328610;7074394735;6295848423;6682677290;7180764703;7878759715;7899737577;7717145218;9413403724;9354903062;10468220307;11148602233
Yemen, Rep.;YEM;GDP (current US$);NY.GDP.MKTP.CD;9679316770;9852990693;10693430511;11777532662;13867634371;16731566717;19063143370;21650528674;26910855807;25130278213;30906749533;32726417878;35401331609;40415233436;43228585321;42444490074;31317825274;26842229045;21606160663;;;;;;
South Africa;ZAF;GDP (current US$);NY.GDP.MKTP.CD;1,51753E+11;1,3543E+11;1,29088E+11;1,97019E+11;2,55807E+11;2,88867E+11;3,03859E+11;3,33077E+11;3,16131E+11;3,29754E+11;4,17364E+11;4,58199E+11;4,34401E+11;4,00886E+11;3,81199E+11;3,4671E+11;3,23586E+11;3,81449E+11;4,05261E+11;3,8933E+11;3,37975E+11;4,20887E+11;4,0692E+11;3,80699E+11;4,00261E+11
Zambia;ZMB;GDP (current US$);NY.GDP.MKTP.CD;3600632111;4094441301;4193850445;4901869764;6221110219;8331870169;12756858899;14056957976;17910858638;15328342304;20265559484;23459515276;25503060420;28037239463;27141023558;21251216799;20958412538;25873601261;26311507274;23308667781;18137764931;22096416932;29163782140;27577956471;26325775287
Zimbabwe;ZWE;GDP (current US$);NY.GDP.MKTP.CD;6689958139;6777385246;6342116911;5727592261;5805598867;5755215663;5443896938;5291950526;4415703156;9665815601;12041602762;14101801031;17114762914;19091004042;19495547523;19963058858;20548759858;51074726484;34156057417;25715657177;26868564055;27240507842;32789657378;35231369343;44187704410